unq:name,pos_x,pos_y,pos_z,name@Added.added_id,modified
'10 Canum Venaticorum',-9.375,55.4375,-7,'Beta2','2014-10-21 17:16:31'
'10 Ursae Majoris',0.03125,34.90625,-39.09375,'Beta3','2014-11-01 06:36:37'
'11 Cephei',-167.3125,43.96875,-57.875,'Beta3-Inferred','2014-11-08 20:58:53'
'11 Leonis Minoris',3.78125,27.71875,-24.34375,'Beta3-Inferred','2014-11-13 08:58:02'
'14 Herculis',-36.71875,41.6875,14.125,'Beta2','2014-10-21 17:16:31'
'16 c Ursae Majoris',-21.375,41.84375,-43.21875,'Beta3','2014-11-01 06:36:37'
'16 Cephei',-108,30.03125,-42.25,'Beta2-Inferred','2014-10-21 17:16:31'
'17 Crateris',73,44.125,17.625,'Beta3','2014-11-01 06:36:37'
'20 Cephei',-290.65625,31.15625,-80.3125,'undefined-Inferred','2014-11-20 11:55:35'
'20 Leonis Minoris',7.78125,39.40625,-28.1875,'Beta3','2014-11-01 06:36:37'
'21 Draco',-60.03125,45.65625,8.09375,'Beta2','2014-10-21 17:16:31'
'21 Eta Ursae Minoris',-74.625,56.25,-26,'Beta2','2014-10-21 17:16:31'
'23 H. Camelopardalis',-37,26.25,-36.625,'Beta2-Inferred','2014-11-01 23:44:25'
'24 Iota Crateris',60,62.65625,8.375,'Beta3','2014-11-01 06:36:37'
'26 Draconis',-39,24.90625,-0.65625,'Beta1','2014-10-21 17:16:31'
'2MASS 1503+2525',-6.1875,18,8.125,'Beta2-Inferred','2014-11-01 22:30:08'
'2MASS J07464256+2000321 A',12.96875,14.15625,-34.875,'Beta3-Inferred','2014-11-10 17:24:49'
'31 Cephei',-159.25,41.625,-70.40625,'Beta3-Inferred','2014-11-08 21:42:42'
'34 Omicron Cephei',-183.15625,24.65625,-84.25,'Beta3-Inferred','2014-11-09 17:26:30'
'35 Draconis',-85.125,51.75,-28.375,'Beta2','2014-10-21 17:16:31'
'36 Draconis',-65.6875,35.375,-4.59375,'Beta2-Inferred','2014-10-21 17:16:31'
'36 Ursae Majoris',-11.125,32.9375,-23,'Beta2','2014-10-21 17:16:31'
'37 Xi Bootis',-4.21875,19.09375,9.8125,'Beta2','2014-10-21 17:16:31'
'4 Cephei',-132.09375,35.5,-27.875,'Beta2-Inferred','2014-10-21 17:16:31'
'41 Gamma Serpentis',-12.125,26,22.875,'Beta2','2014-10-21 17:16:31'
'44 chi Draconis',-22.5625,12.375,-5.40625,'Beta2','2014-10-21 17:16:31'
'47 Cassiopeiae',-83.03125,28.5625,-63.1875,'Beta2','2014-10-21 17:16:31'
'47 Ursae Majoris',-1.4375,41.1875,-20.09375,'Beta2','2014-10-21 17:16:31'
'54 G. Antlia',70.375,24.46875,-1.09375,'Beta3','2014-11-01 06:36:37'
'59 Draconis',-76.4375,38.21875,-25.0625,'Beta2-Inferred','2014-10-21 17:16:31'
'59 Virginis',10.9375,54.09375,15.25,'Beta3','2014-11-01 06:36:37'
'60 Tau Draconis',-129,60.21875,-34.125,'Beta3','2014-11-01 06:36:37'
'61 Ursae Majoris',0.5625,30.09375,-8.6875,'Beta2','2014-10-21 17:16:31'
'61 Virginis',14.8125,19.28125,13.65625,'Beta3','2014-11-01 06:36:37'
'66 Draconis',-164.71875,46.3125,-16.0625,'Beta3','2014-11-01 06:36:37'
'68 Draconis',-151.46875,41,-15.96875,'Beta3','2014-11-01 06:36:37'
'70 Virginis',5.9375,56.25,15.46875,'Beta3','2014-11-01 06:36:37'
'72 Herculis',-32.875,24.6875,22.21875,'Beta2 (outside Beta3)','2014-10-21 17:16:31'
'86 Mu Herculis',-19.5,11.53125,14.875,'Beta2 (outside Beta3)','2014-10-21 17:16:31'
'Abrogo',20.8125,16.75,-13.3125,'Beta3','2014-11-01 06:36:37'
'Achenar',67.5,-119.46875,24.84375,'Beyond The Pill (unverified)-Inferred','2014-10-21 17:16:31'
'Acihaut',-18.5,25.28125,-4,'Beta1','2014-10-21 17:16:31'
'Ackycha',-29.03125,39.8125,-25.03125,'Beta2','2014-10-21 17:16:31'
'Acurukunabogamal',68.4375,24.65625,-1.0625,'Beta3','2014-11-01 06:36:37'
'AD Leonis',5.5,13.03125,-7.46875,'Beta3-Inferred','2014-11-10 18:39:31'
'Adepti',-74.09375,36.5625,-40.1875,'Beta2','2014-10-21 17:16:31'
'Adityaraguala',-7.09375,2.25,-19.96875,'Beta3','2014-11-01 06:36:37'
'ADS 10329',-61.53125,45.78125,1.5,'Beta2-Inferred','2014-11-02 16:48:10'
'Aegilips',22.96875,28.9375,28.40625,'Beta3','2014-11-01 06:36:37'
'Aeneas',54.40625,35.90625,24.9375,'Beta3','2014-11-01 06:36:37'
'Aeolus',-43.28125,37.28125,-31.53125,'Beta2','2014-10-21 17:16:31'
'Aganippe',-11.5625,43.8125,11.625,'Beta1','2014-10-21 17:16:31'
'AGKR 199',-87,35.5,-53.875,'Beta2-Inferred','2014-10-21 17:16:31'
'Agwe',-48.5625,47.53125,-49.125,'Beta3','2014-11-01 06:36:37'
'Aiabiko',-82.0625,1.625,-14.4375,'Gamma-Inferred','2014-11-22 13:56:23'
'Akhenaten',-53.375,7.84375,-40.375,'Beta3','2014-11-01 06:36:37'
'Aknango',-155.40625,30,-76.4375,'Beta3','2014-11-01 06:36:37'
'Aktzin',-51.78125,23.9375,-29.40625,'Beta2-Inferred','2014-11-02 00:13:34'
'Al Mina',14.4375,43.78125,-13.25,'Beta3','2014-11-01 06:36:37'
'Aladu Kuan Gon',-108.6875,24.65625,-20.78125,'Beta2','2014-11-01 06:36:37'
'Alchita',36.21875,29.28125,14.21875,'Beta3','2014-11-01 06:36:37'
'Alcor',-36,71.90625,-14.59375,'Beta3','2014-11-01 06:36:37'
'Alderamin',-47.5,7.84375,-9.46875,'Beta2','2014-10-21 17:16:31'
'Algorab',54.1875,62.3125,26.90625,'Beta3','2014-11-01 06:36:37'
'Alkurhah',-96.75,13.21875,-28.53125,'Beta2-Inferred','2014-10-21 17:16:31'
'Alpha Cygni',-1405,46.125,132.5,'Beyond The Pill (unverified)-Inferred','2014-10-21 17:16:31'
'Alphard',138.84375,88.46875,-73.5,'Beyond The Pill (unverified)-Inferred','2014-10-21 17:16:31'
'Alrai',-38.71875,12.3125,-21.625,'Beta2','2014-10-21 17:16:31'
'Altais',-88.625,38.09375,-13.65625,'Beta2','2014-10-21 17:16:31'
'Ammapa',-115.25,58.125,-43.28125,'Beta3','2014-11-01 06:36:37'
'Amun',51.5625,32.1875,-27.125,'Beta3','2014-11-01 06:36:37'
'AN Sextantis',17.71875,16.84375,-7.8125,'Beta3-Inferred','2014-11-10 22:00:52'
'Anaiwal',-141.78125,46.34375,-18.25,'Beta3','2014-11-01 06:36:37'
'Andancan',-75,43,-63,'Beta3','2014-11-01 06:36:37'
'Andoe',-33.34375,1.0625,-26.40625,'Beta3','2014-11-01 06:36:37'
'Anemoi',-61.375,22.25,1.5625,'Beta3','2014-11-01 06:36:37'
'Anete',41.5625,13.15625,-1.6875,'Beta3','2014-11-01 06:36:37'
'Aninohini',-119.625,10.375,-32.375,'Beta3','2014-11-01 06:36:37'
'Anlave',-25.375,1.125,-20.84375,'Beta3','2014-11-01 06:36:37'
'Ansari',-84.5,37.59375,-44.71875,'Beta3','2014-11-01 06:36:37'
'Antevorta',43.1875,39.3125,1.53125,'Beta3','2014-11-01 06:36:37'
'Antinica',64.5,62.3125,-12.625,'Beta3','2014-11-01 06:36:37'
'Anyanwu',32.15625,23.09375,32.1875,'Beta3','2014-11-01 06:36:37'
'Ao Guang',0.625,40.03125,-21.34375,'Beta3','2014-11-01 06:36:37'
'Ao Qin',-62.90625,46.78125,1.53125,'Beta2','2014-10-21 17:16:31'
'Ao Shun',-75.3125,22.59375,1.09375,'Beta2','2014-10-21 17:16:31'
'Apalai',52.96875,51.0625,-16.65625,'Beta3','2014-11-01 06:36:37'
'Apep',-42.8125,46.9375,-38,'Beta2-Inferred','2014-10-21 17:16:31'
'Apura',41.8125,57.34375,5.40625,'Beta3','2014-11-01 06:36:37'
'Arcturus',-3.53125,34.15625,12.96875,'Beta2','2014-10-21 17:16:31'
'Arin',1.0625,3.875,-9,'Beta3','2014-11-01 06:36:37'
'Asellus Primus',-23.9375,40.875,-1.34375,'Alpha4','2014-10-21 17:16:31'
'Ashtart',18.5,65.84375,3.28125,'Beta3','2014-11-01 06:36:37'
'Atanua',-37.09375,11.28125,-41.40625,'Beta3-Inferred','2014-11-11 20:21:54'
'Atarapa',41.5625,23.5625,-30.5,'Beta3','2014-11-01 06:36:37'
'Atum',49.96875,17.625,5.59375,'Beta3','2014-11-01 06:36:37'
'Audhisatsuri',-107.875,29.5625,-20.9375,'Beta3','2014-11-01 06:36:37'
'Audusi',-115.71875,16.53125,-21.09375,'Beta3','2014-11-01 06:36:37'
'Aulin',-19.6875,32.6875,4.75,'Premium Beta2','2014-10-21 17:16:31'
'Aulis',-16.46875,44.1875,-11.4375,'Beta1','2014-10-21 17:16:31'
'Aurea',-88,23.53125,-8.28125,'Beta2','2014-10-21 17:16:31'
'Aurvandill',-154.65625,40.34375,-82.78125,'Beta3','2014-11-01 06:36:37'
'Austern',-25.15625,15.34375,9.375,'Beta2-Inferred','2014-10-21 17:16:31'
'Avici',-5.75,42.53125,8.28125,'Beta2-Inferred','2014-10-21 17:16:31'
'Awabatamori',-110.78125,39.46875,-35.59375,'Beta3','2014-11-01 06:36:37'
'Awngtei',-133.5625,10.21875,-58.5625,'Beta3','2014-11-01 06:36:37'
'Azaladshu',60.9375,10.34375,-1.09375,'Beta3','2014-11-01 06:36:37'
'Baga',-110.3125,15.125,-45.25,'Beta2','2014-11-01 06:36:37'
'Balmus',-89,9.375,-52.0625,'Beta2','2014-10-21 17:16:31'
'Barnard''s Star',-3.03125,1.375,4.9375,'Gamma-Inferred','2014-11-24 06:03:26'
'Basium',-71.25,49.875,-30.21875,'Beta2','2014-10-21 17:16:31'
'Bast',-36.46875,16.15625,-34.9375,'Beta3','2014-11-01 06:36:37'
'Batani',-134.03125,57.34375,-26.53125,'Beta3','2014-11-01 06:36:37'
'Baudus',-68.09375,41.0625,-30.96875,'Beta3','2014-11-01 06:36:37'
'BD+03 2279',40.9375,44.125,-28.84375,'Beta3','2014-11-01 06:36:37'
'BD+03 2316',44.71875,51.34375,-27.875,'Beta3','2014-11-01 06:36:37'
'BD+16 2404',8.875,45.1875,3.9375,'Beta3','2014-11-01 06:36:37'
'BD+26 2184',13.21875,64.21875,-21.0625,'Beta3','2014-11-01 06:36:37'
'BD+27 1739',15.53125,42.78125,-43.15625,'Beta3','2014-11-01 06:36:37'
'BD+29 2405',-6.28125,60.8125,5.5,'Beta3','2014-11-01 06:36:37'
'BD+47 2112',-14.78125,33.46875,-0.40625,'Beta1','2014-10-21 17:16:31'
'BD+55 1519',-16.9375,44.71875,-16.59375,'Beta1','2014-10-21 17:16:31'
'BD+57 2595',-110.40625,-1.25,-34.25,'Beta3','2014-11-01 06:36:37'
'BD+63 1764',-113.25,16.78125,-28.34375,'Beta2','2014-10-21 17:16:31'
'BD+64 1452',-98.5625,25.6875,-17.40625,'Beta2','2014-10-21 17:16:31'
'BD+65 1846',-60.3125,7.125,-25.53125,'Beta2','2014-10-21 17:16:31'
'BD+66 193',-57.53125,8.625,-50.21875,'Beta3','2014-11-01 06:36:37'
'BD+67 1409',-89.4375,16.0625,-30.25,'Beta2','2014-10-21 17:16:31'
'BD+69 45',-58.59375,9.625,-38.15625,'Beta2-Inferred','2014-11-02 00:23:18'
'BD+71 1033',-104.125,33.875,-30.9375,'Beta2','2014-10-21 17:16:31'
'BD+72 545',-48.375,61.71875,-40.21875,'Beta3','2014-11-01 06:36:37'
'BD+74 526',-48.65625,53.28125,-29.25,'Beta2','2014-10-21 17:16:31'
'BD+74 938',-106.59375,33.78125,-43.09375,'Beta2-Inferred','2014-10-21 17:16:31'
'BD+75 58',-43.5625,13.46875,-30.46875,'Beta2','2014-10-21 17:16:31'
'BD+81 297',-47.03125,41.0625,-41.8125,'Beta2-Inferred','2014-10-21 17:16:31'
'BD+87 118',-58.59375,40.65625,-37.75,'Beta2','2014-10-21 17:16:31'
'BD-01 2784',23.84375,57.78125,23.71875,'Beta3','2014-11-01 06:36:37'
'BD-18 3106',48.46875,36.875,2.0625,'Beta3','2014-11-01 06:36:37'
'Begou',-141.125,-1.8125,-53.8125,'Beta3','2014-11-01 06:36:37'
'Bei Dou Sector CQ-Y B3',-34.375,56.59375,-30.15625,'Beta3-Inferred','2014-11-19 12:56:46'
'Bei Dou Sector DL-Y D76',-37.6875,70.09375,-14.1875,'Beta3-Inferred','2014-11-19 10:52:09'
'Bei Dou Sector FW-W B1-2',-49,66.3125,-16.8125,'Beta3-Inferred','2014-11-03 02:11:00'
'Bei Dou Sector JC-V B2-0',-62.21875,58.875,-2.3125,'Beta3-Inferred','2014-11-03 02:25:26'
'Bei Dou Sector JC-V B2-2',-61.125,58.15625,-2.40625,'Beta3-Inferred','2014-11-03 02:20:21'
'Bei Dou Sector JC-V B2-3',-61.21875,58.65625,0.125,'Beta3-Inferred','2014-11-03 02:30:10'
'Bei Dou Sector JC-V B2-4',-60.15625,55.96875,2.625,'Beta3-Inferred','2014-11-03 02:34:55'
'Bei Dou Sector ZE-A C16',-37.53125,66.46875,-36.125,'Beta3-Inferred','2014-11-19 13:01:43'
'Belobog',-13.34375,53.78125,12.5625,'Beta2','2014-10-21 17:16:31'
'Beta Comae Berenices',-1.6875,29.65625,2.03125,'Beta2','2014-10-21 17:16:31'
'Beurex',-1.65625,28.53125,-7.84375,'Beta2-Inferred','2014-11-01 17:58:42'
'BF Canis Venatici',-8.25,62.1875,-3.0625,'Beta2','2014-10-21 17:16:31'
'Bhaguti',41.6875,36.3125,18.9375,'Beta3','2014-11-01 06:36:37'
'Bhotega',-55.21875,14.5,-25.15625,'Beta3','2014-11-01 06:36:37'
'Bhotepa',-109.15625,35.96875,-59.375,'Beta2','2014-11-01 06:36:37'
'Bidmere',-7.4375,13.21875,1.90625,'Beta2-Inferred','2014-11-01 22:41:53'
'Binbeal',-172.875,11.25,-51.125,'Beta3','2014-11-01 06:36:37'
'Bingui',59.125,38.5,-4.625,'Beta3','2014-11-01 06:36:37'
'Blata',-152.90625,21.71875,-12.6875,'Beta3','2014-11-01 06:36:37'
'Blatrimpe',29.125,11.3125,-15.875,'Beta3','2014-11-01 06:36:37'
'Bogatiku',-126.625,45.71875,-12.5625,'Beta3','2014-11-01 06:36:37'
'Bolg',-7.90625,34.71875,2.125,'Beta1','2014-10-21 17:16:31'
'Borom Caquit',22.1875,69.5625,-6.4375,'Beta3','2014-11-01 06:36:37'
'Bragurom Du',17.4375,61.1875,-6.53125,'Beta3','2014-11-01 06:36:37'
'Brahma',13.28125,45.25,17.65625,'Beta3','2014-11-01 06:36:37'
'Bugas',12.59375,24.34375,2.84375,'Beta3','2014-11-01 06:36:37'
'Bumbo',-92.0625,35,-64.28125,'Beta3','2014-11-01 06:36:37'
'Bunda',65.625,17.96875,24.96875,'Beta3','2014-11-01 06:36:37'
'Buryacuan Wu',67.53125,25,24.625,'Beta3','2014-11-01 06:36:37'
'BY Draconis',-48.3125,21.1875,7.9375,'Beta2-Inferred','2014-11-02 16:08:43'
'Caer Bran',-31.28125,14.3125,13.78125,'Beta2 (outside Beta3)','2014-10-21 17:16:31'
'Caerdroia',37.84375,3.59375,-11.8125,'Beta3-Inferred','2014-11-10 03:09:22'
'Caeronthudti',32.25,14.90625,-13.5,'Beta3','2014-11-01 06:36:37'
'Caicius',41.0625,48.03125,18.96875,'Beta3','2014-11-01 06:36:37'
'Caluayaksheper',-83.375,21.5625,-41.09375,'Beta3','2014-11-01 06:36:37'
'Candjinan',-143.25,30.9375,-68.6875,'Beta3','2014-11-01 06:36:37'
'Carnoeck',35.96875,5.1875,1.3125,'Beta3','2014-11-01 06:36:37'
'Carnutenichuara',-128.46875,33.9375,-19.46875,'Beta3','2014-11-01 06:36:37'
'Catuntinigi',-52.65625,30.78125,-51.90625,'Beta3','2014-11-01 06:36:37'
'Cavashira',-171.0625,43.28125,-34.96875,'Beta3','2014-11-01 06:36:37'
'Cavins',27,8.78125,-7.0625,'Beta3','2014-11-01 06:36:37'
'CD-35 6972',81.71875,34.21875,15.375,'Beta3','2014-11-01 06:36:37'
'CE Bootis',-5.40625,29.375,16.46875,'Beta2','2014-10-21 17:16:31'
'Cenil',55.84375,45.4375,-26.53125,'Beta3','2014-11-01 06:36:37'
'Cephei Sector EG-Y C13',-152.5,13.59375,-49.5625,'Beta3-Inferred','2014-11-20 06:37:20'
'Cephei Sector EG-Y C18',-148.5625,14.75,-49.9375,'Beta3-Inferred','2014-11-20 06:31:17'
'Cephei Sector FG-Y D139',-103.0625,41.96875,1.21875,'Beta3-Inferred','2014-11-03 06:53:11'
'Cephei Sector IR-W C1-15',-98.65625,38.4375,-15.21875,'Beta3-Inferred','2014-11-03 07:26:31'
'Cephei Sector IR-W C1-17',-101.75,37.8125,-10.375,'Beta3-Inferred','2014-11-03 07:22:55'
'Cephei Sector IR-W C1-19',-103.875,39.3125,-9.1875,'Beta3-Inferred','2014-11-03 07:16:54'
'Cephei Sector JC-V B2-1',-140.5,15.65625,-44,'Beta3-Inferred','2014-11-20 07:13:13'
'Cephei Sector JC-V B2-4',-144.375,16,-40.25,'Beta3-Inferred','2014-11-20 06:54:12'
'Cephei Sector LX-U B2-0',-142.625,14.8125,-37.34375,'Beta3-Inferred','2014-11-20 07:17:02'
'Cephei Sector MN-T B3-0',-111.25,46.65625,-6.03125,'Beta3-Inferred','2014-11-03 07:40:03'
'Cephei Sector ON-T B3-3',-72.21875,36.8125,-10.625,'Beta3-Inferred','2014-11-03 06:20:18'
'Cephei Sector ON-T B3-4',-76,37.15625,-6.5,'Beta3-Inferred','2014-11-03 02:59:42'
'Cephei Sector RT-R B4-0',-104.34375,39.125,-4.125,'Beta3-Inferred','2014-11-03 07:09:37'
'Cephei Sector RT-R B4-1',-104.78125,41.9375,-3.1875,'Beta3-Inferred','2014-11-03 07:05:03'
'Cephei Sector RT-R B4-2',-103.6875,39.3125,-2.78125,'Beta3-Inferred','2014-11-03 07:00:15'
'Cephei Sector RT-R B4-3',-99.9375,39.25,1.28125,'Beta3-Inferred','2014-11-03 06:48:51'
'Cephei Sector RT-R B4-5',-98.40625,36.15625,-0.9375,'Beta3-Inferred','2014-11-03 06:44:55'
'Cephei Sector ST-R B4-2',-82.875,39.375,-0.84375,'Beta3-Inferred','2014-11-03 02:53:26'
'Cephei Sector TO-R B4-3',-93.46875,32.1875,1.9375,'Beta3-Inferred','2014-11-03 06:40:28'
'Cephei Sector TO-R B4-4',-90.84375,32.53125,-2.59375,'Beta3-Inferred','2014-11-03 06:35:21'
'Chaac',0.4375,63.21875,-9.5,'Beta3','2014-11-01 06:36:37'
'Chapoyo',-100.375,34.46875,-40.09375,'Beta2','2014-11-01 06:36:37'
'Chara',-4.84375,26.65625,-4.78125,'Beta2','2014-10-21 17:16:31'
'Charick Drift',8.1875,26.71875,-6.0625,'Beta3-Inferred','2014-11-01 18:54:06'
'Chaxiraxi',-9.84375,66.53125,5.75,'Beta3','2014-11-01 06:36:37'
'Chechehet',-106.5625,24.625,-27.90625,'Beta3','2014-11-01 06:36:37'
'Chelmen',-65.96875,47.78125,-56.875,'Beta3','2014-11-01 06:36:37'
'Chemaku',-77.5625,6.5625,-10.53125,'Beta3','2014-11-01 06:36:37'
'Chi Herculis',-30.75,39.71875,12.78125,'Beta1','2014-10-21 17:16:31'
'Chini',52.75,43.65625,-31.46875,'Beta3','2014-11-01 06:36:37'
'Chongquan',-20.78125,13.1875,-37.4375,'Beta3','2014-11-01 06:36:37'
'Chontantici',49.8125,37.96875,21.84375,'Beta3','2014-11-01 06:36:37'
'Choujemait',-114.59375,3.0625,-40.96875,'Beta3','2014-11-01 06:36:37'
'Ciguru',-82.40625,3.875,-8.90625,'Beta3','2014-11-01 06:36:37'
'Circios',-3.9375,54.5,-37.03125,'Beta3','2014-11-01 06:36:37'
'CM Draco',-35.6875,30.9375,2.15625,'Beta1','2014-10-21 17:16:31'
'Coelrind',3.0625,35.28125,6.96875,'Beta2','2014-10-21 17:16:31'
'Col 285 Sector DI-X B16-3',-80.5,37.1875,1.90625,'Beta3-Inferred','2014-11-03 06:30:20'
'Col 285 Sector LE-E B13-1',-156.25,24.59375,-65.34375,'undefined-Inferred','2014-11-17 23:15:53'
'COL 285 SECTOR NP-C B14-1',-156.25,24.59375,-65.34375,'undefined-Inferred','2014-11-17 23:23:01'
'COL 285 SECTOR NP-C B14-5',-157.5625,46.3125,-54.5625,'undefined-Inferred','2014-11-17 23:43:12'
'Col 285 Sector PY-R D4-132',-72.6875,30.1875,-0.4375,'Beta3-Inferred','2014-11-03 06:24:35'
'Col 285 Sector ZX-F B12-4',-322.34375,34.53125,-95.71875,'undefined-Inferred','2014-11-20 12:04:16'
'Connla',-29.90625,14.5625,13.65625,'Beta2 (outside Beta3)','2014-10-21 17:16:31'
'Coriccha',-14.40625,19.9375,7,'Beta3','2014-11-01 06:36:37'
'Corioskeh Tryth',-118.25,33.34375,-23.65625,'Beta3','2014-11-01 06:36:37'
'CPD-23 501',60.59375,35.3125,0.625,'Beta3','2014-11-01 06:36:37'
'CR Draco',-49.46875,47.4375,4.375,'Beta2','2014-10-21 17:16:31'
'CR Draconis',-48.3125,46.15625,4.46875,'Beta2','2014-10-21 17:16:31'
'CU Cancri',10.5625,14.5,-22.3125,'Beta3-Inferred','2014-11-10 17:52:04'
'Cuages',-137.78125,21.71875,-14.90625,'Beta2','2014-11-01 06:36:37'
'Culann',-36.0625,14.625,13.8125,'Beta2-Inferred','2014-10-21 17:16:31'
'CW Ursae Majoris',2.65625,36.78125,-14.90625,'Beta2','2014-10-21 17:16:31'
'Cybele',33.125,54.46875,25.03125,'Beta3','2014-11-01 06:36:37'
'Czernovale',40.53125,37.53125,19.5,'Beta3','2014-11-01 06:36:37'
'Dagaz',30.15625,55,15.3125,'Beta3','2014-11-01 06:36:37'
'Dahan',-19.75,41.78125,-3.1875,'Alpha4','2014-10-21 17:16:31'
'Dakantjarini',-93.28125,62.96875,-32.0625,'Beta3','2014-11-01 06:36:37'
'Dala',24.75,25.90625,-22.0625,'Beta3-Inferred','2014-11-13 09:14:11'
'Darahk',-65,27,-37,'Beta2','2014-10-21 17:16:31'
'DE Bootis',-7.4375,32.625,17,'Beta2-Inferred','2014-11-01 16:53:08'
'Demeter',-55.34375,40.8125,7.5625,'Beta2','2014-10-21 17:16:31'
'DEN 1048-3956',12.375,3.84375,1.875,'Beta3-Inferred','2014-11-10 19:39:00'
'Denebola',11.09375,33.90625,-3.5,'Beta3','2014-11-01 06:36:37'
'Devi',-10.28125,52.1875,18.15625,'Beta2-Inferred','2014-10-21 17:16:31'
'DG Canum Venaticorum',-3.125,25.53125,2.6875,'Beta2-Inferred','2014-11-01 21:59:46'
'Dierfar',73.375,38.71875,10.8125,'Beta3','2014-11-01 06:36:37'
'Difu',-34.40625,1.4375,-27.875,'Beta3','2014-11-01 06:36:37'
'Divja Mu',-92.3125,13.4375,-16.8125,'Beta3','2014-11-01 06:36:37'
'Djedet',-92.84375,22.8125,-22.3125,'Beta2','2014-11-01 06:36:37'
'DN Draconis',-27.09375,21.625,0.78125,'Beta1','2014-10-21 17:16:31'
'Doris',-38.875,69.03125,-13.375,'Beta3','2014-11-01 06:36:37'
'DP Draconis',-17.5,25.96875,-11.375,'Beta1','2014-10-21 17:16:31'
'DS Leonis',10.25,34.875,-12.34375,'Beta3-Inferred','2014-11-01 19:16:11'
'DT Virginis',6.9375,35.03125,6.21875,'Beta3','2014-11-01 06:36:37'
'Duamta',2.1875,6.625,-7,'Beta3','2014-11-01 06:36:37'
'Durga',44.6875,55.1875,14.5,'Beta3-Inferred','2014-11-10 00:33:09'
'DX 1217',7.5,32.125,-0.65625,'Beta3-Inferred','2014-11-01 19:38:41'
'DX 799',-22.96875,12.3125,-17.90625,'Beta3','2014-11-01 06:36:37'
'DX Cancri',2.90625,6.3125,-9.5625,'Beta3','2014-11-01 06:36:37'
'Dyaushis',-50.0625,8.375,-41.78125,'Beta3','2014-11-01 06:36:37'
'Dziban',-62.15625,38.46875,-14.3125,'Beta2-Inferred','2014-10-21 17:16:31'
'EE Leonis',11.28125,18.09375,-5.5625,'Beta3-Inferred','2014-11-10 22:27:48'
'EGGR 431',31.6875,36.75,-28.40625,'Beta3','2014-11-01 06:36:37'
'Egovedunuvitra',-117.375,23.1875,-6.6875,'Beta3','2014-11-01 06:36:37'
'Ehlangai',-51.53125,35.15625,-46.125,'Beta2','2014-11-01 06:36:37'
'EI Cancri',6.3125,10.125,-12.15625,'Beta3-Inferred','2014-11-10 18:01:42'
'Elphin',-30.125,8.1875,-17,'Beta2-Inferred','2014-11-01 23:19:31'
'Eme',33.71875,26.21875,4.03125,'Beta3','2014-11-01 06:36:37'
'Enif',-536.59375,-363.03125,236.1875,'Beyond The Pill (unverified)-Inferred','2014-10-21 17:16:31'
'Enlil',-37.5625,39.09375,-39.40625,'Beta2-Inferred','2014-10-21 17:16:31'
'Enumclawilya',-116.875,15.25,-36.03125,'Beta3','2014-11-01 06:36:37'
'Eos',-51.875,16.78125,-0.375,'Beta2','2014-10-21 17:16:31'
'Eranin',-22.84375,36.53125,-1.1875,'Alpha4','2014-10-21 17:16:31'
'Eravarenth',66.84375,21.84375,27.46875,'Beta3','2014-11-01 06:36:37'
'Erlaza',28.25,22.59375,30.375,'Beta3','2014-11-01 06:36:37'
'Eta Cephei',-45.125,9.375,-6.4375,'Beta2','2014-10-21 17:16:31'
'Eta Coronae Borealis',-23.78125,48.4375,21.9375,'Beta2 (outside Beta3)','2014-10-21 17:16:31'
'Eta Corvi',36.71875,43.03125,18.78125,'Beta3','2014-11-01 06:36:37'
'Eta Draconis',-69.53125,60.28125,-2.9375,'Beta3','2014-11-01 06:36:37'
'Etamin',-132.46875,74.875,25.53125,'Beyond The Pill (unverified)-Inferred','2014-10-21 17:16:31'
'Etznabihik Mangk',54.125,62.375,6.4375,'Beta3','2014-11-01 06:36:37'
'Evergreen',-86.6875,25.34375,-3.3125,'Beta2','2014-10-21 17:16:31'
'Exbeur',-35.15625,27.84375,-33.65625,'Beta2','2014-10-21 17:16:31'
'Fasti',36.71875,20.1875,-22.3125,'Beta3-Inferred','2014-11-10 02:43:59'
'FAUST 2688',62.5,51.4375,-11.46875,'Beta3','2014-11-01 06:36:37'
'Feng Huang',74.53125,40.125,-20.4375,'Beta3','2014-11-01 06:36:37'
'Fianna',28.5625,27.34375,11,'Beta3','2014-11-01 06:36:37'
'Fionn',32.5,9.3125,-22.75,'Beta3','2014-11-01 06:36:37'
'Flousop',-1.625,16.8125,4,'Beta2','2014-10-21 17:16:31'
'FN Virginis',7.5625,24.6875,6.15625,'Beta3','2014-11-01 06:36:37'
'Friggirawi',-112.21875,38.3125,-19.875,'Beta3','2014-11-01 06:36:37'
'Fu Haiting',-103,29.46875,-43.4375,'Beta2','2014-11-01 06:36:37'
'G 113-20',18.78125,10.09375,-20.75,'Beta3','2014-11-01 06:36:37'
'G 121-8',9.1875,58.75,-10.59375,'Beta3','2014-11-01 06:36:37'
'G 123-49',-18.90625,66.875,-14.78125,'Beta3','2014-11-01 06:36:37'
'G 14-6',13.5,30.375,9.0625,'Beta3','2014-11-01 06:36:37'
'G 146-5',-7.375,53.9375,-43.03125,'Beta3','2014-11-01 06:36:37'
'G 148-13',-0.40625,27.09375,-7.0625,'Beta2-Inferred','2014-11-01 17:25:28'
'G 175-42',-14.65625,2.5,-29.46875,'Beta3','2014-11-01 06:36:37'
'G 180-18',-28.96875,40.6875,19.03125,'Beta2','2014-10-21 17:16:31'
'G 181-6',-20.3125,20.3125,14.0625,'Beta3','2014-11-01 06:36:37'
'G 202-48',-15.53125,14.375,1.875,'Beta2-Inferred','2014-11-01 22:51:43'
'G 203-47',-18.34375,14.25,7.09375,'Beta2','2014-10-21 17:16:31'
'G 203-51',-15.875,12.03125,5.34375,'Beta2-Inferred','2014-11-01 23:00:07'
'G 205-38',-51.65625,19.125,11.40625,'Beta2 (outside Beta3)-Inferred','2014-10-21 17:16:31'
'G 224-46',-55.25,60.34375,-12.71875,'Beta2','2014-10-21 17:16:31'
'G 230-27',-58.125,11.4375,2.6875,'Beta2','2014-10-21 17:16:31'
'G 239-25',-22.6875,25.8125,-6.6875,'Beta1','2014-10-21 17:16:31'
'G 250-34',-27.28125,25.90625,-44.5,'Beta3','2014-11-01 06:36:37'
'G 262-26',-66.09375,15.8125,-11.625,'Beta2-Inferred','2014-11-02 01:18:30'
'G 41-14',7.9375,7.71875,-9.4375,'Beta3-Inferred','2014-11-10 18:13:24'
'G 65-9',9.53125,42.34375,20.34375,'Beta3','2014-11-01 06:36:37'
'G 89-32',10.28125,4.59375,-16.6875,'Beta3','2014-11-01 06:36:37'
'Gamma Crateris',62.1875,53.46875,6.8125,'Beta3-Inferred','2014-11-10 00:58:42'
'GCRV 13292',-99.84375,27.5625,-28.1875,'Beta2','2014-10-21 17:16:31'
'GD 140',4.84375,49.5625,-13.3125,'Beta3','2014-11-01 06:36:37'
'GD 319',-19.375,43.625,-12.75,'Beta1','2014-10-21 17:16:31'
'GD 356',-50.9375,44.15625,7.3125,'Beta2-Inferred','2014-10-21 17:16:31'
'Gendalla',12,9.96875,-5.53125,'Beta3','2014-11-01 06:36:37'
'Gendini',-122.5625,48.5,-34.5625,'Beta3','2014-11-01 06:36:37'
'Gera',-88.8125,11.6875,-33.59375,'Beta2','2014-10-21 17:16:31'
'GL Virginis',6.4375,20.3125,0.65625,'Beta3-Inferred','2014-11-11 18:13:09'
'Gliese 3050',-99.71875,28.09375,-64.15625,'Beta2-Inferred','2014-10-21 17:16:31'
'Gliese 3371',-17.71875,12.96875,-38.3125,'Beta3','2014-11-01 06:36:37'
'Gliese 9843',-106.25,33.59375,-61,'Beta2','2014-10-21 17:16:31'
'Gomm Crua',-41.46875,27.21875,-51.15625,'Beta3','2014-11-01 06:36:37'
'Gong Gu',-88.90625,26.1875,-4.6875,'Beta3','2014-11-01 06:36:37'
'GQ Virginis',12.15625,27.3125,23.28125,'Beta3','2014-11-01 06:36:37'
'Grabri',-97.71875,43.65625,-15.78125,'Beta2','2014-11-01 06:36:37'
'Grannus',-72.125,27.96875,6.96875,'Beta2-Inferred','2014-10-20 08:54:52'
'Groombridge 1618',-2.34375,12.625,-9.34375,'Beta3','2014-11-01 06:36:37'
'Guangul',-27.5,14.3125,-2.28125,'Beta3','2014-11-01 06:36:37'
'Gunnovii',-114.40625,37.25,-1.71875,'Beta3','2014-11-01 06:36:37'
'Guy',26.71875,14.25,7.375,'Beta3','2014-11-01 06:36:37'
'Gweir',3.125,31.75,-11.625,'Beta2-Inferred','2014-11-01 18:28:44'
'h Draconis',-39.84375,29.5625,-3.90625,'Beta1','2014-10-21 17:16:31'
'Hach',-73.0625,13.28125,-8.25,'Beta3','2014-11-01 06:36:37'
'Hadad',9.875,57.84375,20.59375,'Beta3','2014-11-01 06:36:37'
'Haeditjaray',-163.0625,14.03125,-64.5625,'Beta3','2014-11-01 06:36:37'
'Hagalaz',-50.59375,45.15625,11.09375,'Beta3','2014-11-01 06:36:37'
'Haidjaram',-126.3125,57.28125,-24.1875,'Beta3','2014-11-01 06:36:37'
'Hambula',-39.65625,6.125,-2.5,'Beta3','2014-11-01 06:36:37'
'Haokah',-22.1875,37.625,-47.3125,'Beta3','2014-11-01 06:36:37'
'Hared',-97.125,22.75,-20,'Beta3','2014-11-01 06:36:37'
'Haribaluayai',-150.375,30.3125,-13.9375,'Beta3','2014-11-01 06:36:37'
'Havat',-107,15.3125,-39.71875,'Beta3','2014-11-01 06:36:37'
'HDS 1879',-38.125,69.1875,-17.09375,'Beta3','2014-11-01 06:36:37'
'He Bo',-34.5,69.28125,-14.71875,'Beta3-Inferred','2014-11-19 10:43:39'
'Heheng De',-119.34375,31.71875,-9.625,'Beta3','2014-11-01 06:36:37'
'Helios',32.34375,42.1875,-11.28125,'Beta3','2014-11-01 06:36:37'
'Hemsut',-53.875,16.6875,-10.125,'Beta2-Inferred','2014-11-02 14:03:32'
'Hepa',-29.4375,34.46875,21.53125,'Beta2 (outside Beta3)','2014-10-21 17:16:31'
'Hera',-36.8125,55.59375,-17.96875,'Beta2','2014-10-21 17:16:31'
'Herculis Sector CQ-Y B3',-70.75,57.90625,-2.21875,'Beta3-Inferred','2014-11-03 02:43:58'
'Herculis Sector EL-Y B4',-77.65625,49.875,4.15625,'Beta3-Inferred','2014-11-03 02:48:12'
'Herculis Sector EL-Y B5',-66.9375,54.3125,1.25,'Beta3-Inferred','2014-11-03 02:39:36'
'Hermitage',-28.75,25,10.4375,'Beta1','2014-10-21 17:16:31'
'HIP 103014',-132.46875,33.25,-28.5625,'Beta2-Inferred','2014-10-21 17:16:31'
'HIP 105557',-113.53125,41.21875,-45.6875,'Beta3','2014-11-01 06:36:37'
'HIP 105849',-199.40625,47.65625,-57.96875,'Beta3-Inferred','2014-11-09 21:06:05'
'HIP 105906',-114.40625,51.40625,-56.125,'Beta2','2014-10-21 17:16:31'
'HIP 105992',-121,21.375,-28.59375,'Beta2-Inferred','2014-10-21 17:16:31'
'HIP 106882',-115.65625,49,-55.5625,'Beta2-Inferred','2014-10-21 17:16:31'
'HIP 106914',-197.28125,52.34375,-67.59375,'Beta3-Inferred','2014-11-09 20:42:22'
'HIP 107055',-163.09375,41.03125,-54.5625,'Beta3-Inferred','2014-11-08 21:08:11'
'HIP 107457',-116.25,28.34375,-39.3125,'Beta2','2014-10-21 17:16:31'
'HIP 108110',-122.625,22,-37.34375,'Beta2','2014-10-21 17:16:31'
'HIP 108466',-172.125,49.03125,-67.9375,'Beta3-Inferred','2014-11-08 18:38:29'
'HIP 109278',-317.90625,23.75,-83.1875,'undefined-Inferred','2014-11-20 12:08:20'
'HIP 109384',-166.78125,39.75,-63.5625,'Beta3-Inferred','2014-11-08 19:02:00'
'HIP 109479',-127.5,29.875,-48.5,'Beta3','2014-11-01 06:36:37'
'HIP 110307',-188.5,37.0625,-70.53125,'Beta3-Inferred','2014-11-09 19:08:03'
'HIP 110773',-120.375,46.375,-60.6875,'Beta2','2014-10-21 17:16:31'
'HIP 111494',-106.9375,30.0625,-48.4375,'Beta2-Inferred','2014-10-21 17:16:31'
'HIP 111496',-136.75,13.71875,-47.53125,'Beta3','2014-11-01 06:36:37'
'HIP 112584',-194.15625,33.15625,-80.5,'Beta3-Inferred','2014-11-09 18:51:35'
'HIP 112946',-179.03125,26.5625,-73.78125,'Beta3-Inferred','2014-11-09 17:05:47'
'HIP 112951',-139.59375,41.6875,-68.15625,'Beta3-Inferred','2014-11-08 04:51:32'
'HIP 112970',-176.25,26.125,-72.6875,'Beta3-Inferred','2014-11-08 22:40:10'
'HIP 113477',-121.40625,19.78125,-52.46875,'Beta2','2014-10-21 17:16:31'
'HIP 113517',-173.71875,40.15625,-80.90625,'Beta3-Inferred','2014-11-08 18:18:50'
'HIP 113628',-143.40625,44.03125,-72.21875,'Beta3-Inferred','2014-11-08 05:18:21'
'HIP 113905',-140.3125,36.9375,-68.5,'Beta3','2014-11-01 06:36:37'
'HIP 114099',-153.28125,26.65625,-69.34375,'Beta3','2014-11-01 06:36:37'
'HIP 114769',-155.5,13.5625,-67.34375,'Beta3','2014-11-01 06:36:37'
'HIP 115777',-107.125,32.28125,-57.53125,'Beta2-Inferred','2014-10-21 17:16:31'
'HIP 115894',-163.03125,34.15625,-82.6875,'Beta3-Inferred','2014-11-08 17:16:41'
'HIP 118207',-119.375,36.8125,-69.34375,'Beta3-Inferred','2014-11-08 04:17:46'
'HIP 2422',-103.21875,31.34375,-64.375,'Beta2','2014-10-21 17:16:31'
'HIP 2453',-110.90625,16.5,-67.84375,'Beta2','2014-10-21 17:16:31'
'HIP 4041',-106.15625,36.40625,-69.3125,'Beta2-Inferred','2014-10-21 17:16:31'
'HIP 4907',-68.3125,9.625,-46.5,'Beta3','2014-11-01 06:36:37'
'HIP 7338',-96.5,33.21875,-68.65625,'Beta2','2014-10-21 17:16:31'
'HIP 85887',-110.34375,69.90625,-31.375,'Beta3','2014-11-01 06:36:37'
'HIP 91906',-108.09375,57.1875,-33.59375,'Beta2','2014-10-21 17:16:31'
'HIP 93119',-113.5625,57.40625,-33.9375,'Beta2','2014-10-21 17:16:31'
'HIP 94802',-114.59375,51.40625,-25.90625,'Beta2-Inferred','2014-10-21 17:16:31'
'Hlocidirus',30.96875,19.78125,-29.78125,'Beta3','2014-11-01 06:36:37'
'Hlooyn',2.15625,66.21875,-26.84375,'Beta3','2014-11-01 06:36:37'
'Holiacan',-51.25,67.34375,-21.46875,'Beta3','2014-11-01 06:36:37'
'HR 158',-85.875,36.90625,-55.09375,'Beta2','2014-10-21 17:16:31'
'HR 3862',44.34375,18.09375,-10.03125,'Beta3','2014-11-01 06:36:37'
'HR 3991',71.8125,51,-20.59375,'Beta3','2014-11-01 06:36:37'
'HR 4767',-24.03125,63.875,-19.65625,'Beta3-Inferred','2014-11-19 12:29:17'
'HR 4867',-35.71875,65.8125,-23.28125,'Beta3-Inferred','2014-11-19 11:08:31'
'HR 4979',48.28125,28.03125,37.75,'Beta3','2014-11-01 06:36:37'
'HR 7925',-104.53125,21.0625,-12.1875,'Beta2','2014-10-21 17:16:31'
'HR 8099',-146,43.96875,-44.96875,'undefined-Inferred','2014-11-17 23:49:22'
'HR 8133',-133.875,26.28125,-28.96875,'Beta2','2014-10-21 17:16:31'
'HR 8423',-105.375,48.25,-55.53125,'Beta2','2014-10-21 17:16:31'
'HR 8472',-118.84375,1.125,-26.875,'Beta3','2014-11-01 06:36:37'
'HR 8474',-97.96875,21.3125,-36.125,'Beta2','2014-10-21 17:16:31'
'HR 8687',-190.03125,30.625,-78.1875,'Beta3-Inferred','2014-11-09 18:34:57'
'Hsien Baji',-49.1875,20.21875,-43.625,'Beta3','2014-11-01 06:36:37'
'Hun Banja',-84.4375,16.90625,-60.40625,'Beta3','2014-11-01 06:36:37'
'Huokang',-12.1875,35.46875,-25.28125,'Beta2','2014-10-21 17:16:31'
'Hyperion',-51.1875,7.5,-16.71875,'Beta2','2014-10-21 17:16:31'
'i Bootis',-22.375,34.84375,4,'Alpha4','2014-10-21 17:16:31'
'Igororai',-176.25,30.75,-71.59375,'Beta3','2014-11-01 06:36:37'
'Ikpenones',-39.375,31.5625,-45.09375,'Beta3','2014-11-01 06:36:37'
'Iota Cephei',-106.75,12.6875,-41.71875,'Beta2-Inferred','2014-10-21 17:16:31'
'Issin',-45.1875,56.3125,-42.84375,'Beta3','2014-11-01 06:36:37'
'Istanu',2.0625,55.15625,1.28125,'Beta3','2014-11-01 06:36:37'
'Ithaca',-8.09375,44.9375,-9.28125,'Beta1','2014-10-21 17:16:31'
'IZ Bootis',-23.625,61.71875,7.9375,'Beta2-Inferred','2014-10-21 17:16:31'
'Jaitu',-102.15625,21.75,-17.3125,'Beta2','2014-11-01 06:36:37'
'Janjak',-121.96875,16.03125,-71.40625,'Beta3','2014-11-01 06:36:37'
'Jata',-67.78125,58.3125,-28.8125,'Beta3-Inferred','2014-11-19 09:23:28'
'Jeidrungaragototo',-145.5,24.21875,-19.25,'Beta3','2014-11-01 06:36:37'
'Jetes',-141.21875,16.28125,-59.3125,'Beta3','2014-11-01 06:36:37'
'Jok Islese',70.15625,51.5625,9.5,'Beta3','2014-11-01 06:36:37'
'Jolangen',31.59375,29.3125,35,'Beta3','2014-11-01 06:36:37'
'Juathao Theela',-158.34375,12.46875,-39.90625,'Beta3-Inferred','2014-11-20 07:24:16'
'Juipedun',-90.34375,39.75,-61.375,'Beta3','2014-11-01 06:36:37'
'Jula Oh',-184,44.78125,-58.1875,'Beta3','2014-11-01 06:36:37'
'Jun',-126,29.21875,-4,'Beta3','2014-11-01 06:36:37'
'Jungkurara',-161.6875,22.65625,-42.0625,'Beta3','2014-11-01 06:36:37'
'K Camelopardalis',-45.21875,26.625,-43.46875,'Beta3','2014-11-01 06:36:37'
'Kaal',-18.34375,66.71875,-21.59375,'Beta3','2014-11-01 06:36:37'
'Kaha''i',-7.03125,60.8125,-21.8125,'Beta3','2014-11-01 06:36:37'
'Kali',33.59375,57.375,-28.84375,'Beta3','2014-11-01 06:36:37'
'Kanati',74.125,46.1875,-19.46875,'Beta3','2014-11-01 06:36:37'
'Kanos',41.375,53.65625,-12.65625,'Beta3','2014-11-01 06:36:37'
'Karovices',-102.4375,6.9375,-14.875,'Beta3','2014-11-01 06:36:37'
'Kassi Hua',-100.15625,35.8125,-62.0625,'Beta3','2014-11-01 06:36:37'
'Katae',-27.90625,61.21875,-11.125,'Beta3','2014-11-01 06:36:37'
'Kato',-181.03125,26.3125,-20.78125,'Beta3','2014-11-01 06:36:37'
'Keiadjara',-114.125,28.90625,-56.59375,'Beta3','2014-11-01 06:36:37'
'Keian Gu',-63.71875,22.46875,-44.0625,'Beta2','2014-11-01 06:36:37'
'Keling',-133.25,61.9375,-38.09375,'Beta3','2014-11-01 06:36:37'
'Keries',-18.90625,27.21875,12.59375,'Beta1','2014-10-21 17:16:31'
'Khernidjal',-35.9375,70.5625,-7.65625,'Beta3','2014-11-01 06:36:37'
'Kholedo',-95.09375,33.5625,-7.15625,'Beta3','2014-11-01 06:36:37'
'Khong Qin Gu',-102.1875,20.1875,-23.125,'Beta3','2014-11-01 06:36:37'
'Kishia',-107.9375,5.96875,-47.71875,'Beta3','2014-11-01 06:36:37'
'Kokobujundji',-122.28125,59.8125,-19.15625,'Beta3','2014-11-01 06:36:37'
'Kokoto',39.15625,40.5,28,'Beta3','2014-11-01 06:36:37'
'Kongi',-149.21875,14.25,-45.125,'Beta3','2014-11-01 06:36:37'
'Korubu',-86.53125,39.0625,-8.78125,'Beta2','2014-11-01 06:36:37'
'Kotaition',-100.84375,35.5,-36.34375,'Beta3','2014-11-01 06:36:37'
'Krumine',-154.90625,17.53125,-79.03125,'Beta3','2014-11-01 06:36:37'
'KUI 47',-38.9375,43.5625,-38.96875,'Beta2-Inferred','2014-10-21 17:16:31'
'Kuikian Batji',-69.65625,67.3125,-39.03125,'Beta3','2014-11-01 06:36:37'
'Kuk',-21.28125,69.09375,-16.3125,'Beta3-Inferred','2014-11-19 12:43:26'
'Kumana',72.28125,30.0625,-22.5625,'Beta3','2014-11-01 06:36:37'
'Kunapalanezti',-118.125,60.6875,-34.6875,'Beta3','2014-11-01 06:36:37'
'Kunbuluan',-90.09375,61.6875,-30.875,'Beta3','2014-11-01 06:36:37'
'Kungati',-123.5,13.25,-35.78125,'Beta3','2014-11-01 06:36:37'
'Kurngali',-129.8125,37.34375,-48.78125,'Beta3','2014-11-01 06:36:37'
'Kurui Gubi',-33.8125,39.34375,-26.25,'Beta3','2014-11-01 06:36:37'
'Kurunmindjuk',-66.25,52.25,-17.78125,'Beta3','2014-11-01 06:36:37'
'Kushen',26.46875,-8.5,7.84375,'Gamma-Inferred','2014-11-24 09:19:24'
'Kushentinoni',-134.71875,24.46875,-57.5625,'Beta3','2014-11-01 06:36:37'
'Kwakamitreyja',-89.84375,23.0625,-24.375,'Beta3','2014-11-01 06:36:37'
'Kwamennero Kojin',-69.4375,42,-52.4375,'Beta3','2014-11-01 06:36:37'
'Labed',-86.875,32.3125,-59.90625,'Beta3','2014-11-01 06:36:37'
'Laima',-46.03125,36.8125,14.125,'Beta2-Inferred','2014-11-02 16:38:49'
'Lakluit',-101.6875,25.125,-14.0625,'Beta2','2014-11-01 06:36:37'
'Lalande 18115',-3.84375,14,-14.40625,'Beta3','2014-11-01 06:36:37'
'Lalande 21185',0.3125,7.5625,-3.375,'Beta3-Inferred','2014-11-10 19:13:19'
'Lalande 22954',42.8125,56.96875,15.21875,'Beta3','2014-11-01 06:36:37'
'Lalande 29917',-26.53125,22.15625,-4.5625,'Beta1','2014-10-21 17:16:31'
'Lalande 30699',-64.34375,48.96875,-10.875,'Beta2','2014-10-21 17:16:31'
'Lalande 37923',-84.125,38.9375,-28.15625,'Beta2','2014-10-21 17:16:31'
'Las Xenangaresti',-128.40625,33.59375,-24.75,'Beta3','2014-11-01 06:36:37'
'Latucairhemaiabi',-168.90625,27.375,-55.375,'Beta3','2014-11-01 06:36:37'
'LAWD 17',-1.84375,39.78125,-39.6875,'Beta3','2014-11-01 06:36:37'
'LAWD 26',20.90625,-7.5,3.75,'Gamma-Inferred','2014-11-24 09:13:03'
'LAWD 52',-52.28125,61.8125,-26.5625,'Beta2','2014-10-21 17:16:31'
'LAWD 86',-60.40625,18.71875,-21.6875,'Beta2-Inferred','2014-10-21 17:16:31'
'LB 2449',-26.0625,51.625,-17.40625,'Beta2-Inferred','2014-10-21 17:16:31'
'LDS 1503',-51.78125,19.90625,-31.71875,'Beta2-Inferred','2014-11-01 23:33:17'
'LDS 1503A',-43.46875,16.4375,-26.46875,'Beta2-Inferred','2014-11-01 23:26:53'
'LDS 2314',-16.5,44.5625,-31.875,'Beta3','2014-11-01 06:36:37'
'LDS 413',53.65625,32.40625,30.84375,'Beta3','2014-11-01 06:36:37'
'Lei Ta Tetona',19.125,15.4375,-12.28125,'Beta3','2014-11-01 06:36:37'
'Leng Wanjadimuru',-133.90625,-1.21875,-33.375,'Beta3','2014-11-01 06:36:37'
'LFT 1072',-45.90625,43.71875,-23.25,'Beta2','2014-10-21 17:16:31'
'LFT 1073',-38.9375,32.5625,-21.65625,'Beta2','2014-10-21 17:16:31'
'LFT 1361',-38.78125,24.71875,-0.5,'Beta1','2014-10-21 17:16:31'
'LFT 1421',-45.46875,18.5625,12.59375,'Beta2','2014-10-21 17:16:31'
'LFT 1446',-38.8125,18.25,-7.9375,'Beta2','2014-10-21 17:16:31'
'LFT 1487',-55,15.15625,4.4375,'Beta2-Inferred','2014-11-02 15:47:23'
'LFT 1748',-43.375,1,-15.125,'Beta3','2014-11-01 06:36:37'
'LFT 19',-56.28125,7.875,-32.28125,'Beta2-Inferred','2014-10-21 17:16:31'
'LFT 424',-14.46875,8.8125,-37.03125,'Beta3','2014-11-01 06:36:37'
'LFT 601',26.65625,24.8125,-34.75,'Beta3','2014-11-01 06:36:37'
'LFT 625',50.21875,8.71875,-13,'Beta3','2014-11-01 06:36:37'
'LFT 667',13.125,28.84375,-23.875,'Beta3-Inferred','2014-11-13 09:09:02'
'LFT 668',-19.03125,25.65625,-24.21875,'Beta2-Inferred','2014-10-21 17:16:31'
'LFT 671',-17.875,24.09375,-22.71875,'Beta2-Inferred','2014-10-21 17:16:31'
'LFT 679',-29.8125,31.53125,-30.21875,'Beta2-Inferred','2014-10-21 17:16:31'
'LFT 682',32,3.1875,1.46875,'Beta3','2014-11-01 06:36:37'
'LFT 698',27.25,26.75,-12.625,'Beta3','2014-11-01 06:36:37'
'LFT 709',34.6875,26.15625,-9.46875,'Beta3','2014-11-01 06:36:37'
'LFT 747',-15.1875,43.1875,-26.90625,'Beta2-Inferred','2014-10-21 17:16:31'
'LFT 820',12.34375,54.5,-13.5625,'Beta3','2014-11-01 06:36:37'
'LFT 824',45.96875,33.71875,9.71875,'Beta3','2014-11-01 06:36:37'
'LFT 859',12.5625,31.46875,-1.71875,'Beta3','2014-11-01 06:36:37'
'LFT 880',-22.8125,31.40625,-18.34375,'Beta1','2014-10-21 17:16:31'
'LFT 898',-8.6875,49.75,-11.03125,'Beta2-Inferred','2014-10-21 17:16:31'
'LFT 90',-29.21875,-0.9375,-19.8125,'Beta3','2014-11-01 06:36:37'
'LFT 926',51.03125,17.6875,30.21875,'Beta3','2014-11-01 06:36:37'
'LFT 945',27.5,53.90625,16.40625,'Beta3','2014-11-01 06:36:37'
'LFT 992',-7.5625,42.59375,0.6875,'Beta1','2014-10-21 17:16:31'
'LHS 1065',-51.71875,15.84375,-31.75,'Beta2','2014-10-21 17:16:31'
'LHS 1101',-54.46875,9.375,-33.46875,'Beta2','2014-10-21 17:16:31'
'LHS 115',-27.9375,2.65625,-17.0625,'Beta3-Inferred','2014-11-11 19:44:36'
'LHS 1167',-65.90625,8.9375,-44,'Beta3','2014-11-01 06:36:37'
'LHS 140',-34.53125,16.1875,-23.0625,'Beta2','2014-10-21 17:16:31'
'LHS 1505',-50.25,18.8125,-44.09375,'Beta3','2014-11-01 06:36:37'
'LHS 1596',-38.5625,14.40625,-38.21875,'Beta3-Inferred','2014-11-11 22:10:51'
'LHS 1663',-40.53125,18.25,-40.90625,'Beta3','2014-11-01 06:36:37'
'LHS 18',-28.28125,9.1875,-25.78125,'Beta3-Inferred','2014-11-11 19:54:19'
'LHS 1805',-10.34375,7.28125,-21.21875,'Beta3-Inferred','2014-11-10 04:50:18'
'LHS 1809',-8.53125,6.84375,-28.21875,'Beta3-Inferred','2014-11-10 16:09:15'
'LHS 1865',-38.5625,30.8125,-51.46875,'Beta3-Inferred','2014-11-11 22:16:04'
'LHS 1882',-16.4375,21.375,-48.6875,'Beta3','2014-11-01 06:36:37'
'LHS 1885',-10.21875,10.5,-20.625,'Beta3-Inferred','2014-11-10 04:58:25'
'LHS 1923',-18.59375,27.84375,-48.96875,'Beta3','2014-11-01 06:36:37'
'LHS 1951',17.875,6.625,-21.375,'Beta3','2014-11-01 06:36:37'
'LHS 1963',-0.4375,14.09375,-24.3125,'Beta3','2014-11-01 06:36:37'
'LHS 2037',33.78125,7.25,-14.5,'Beta3','2014-11-01 06:36:37'
'LHS 2069',38.6875,16.0625,-22.34375,'Beta3-Inferred','2014-11-10 02:57:13'
'LHS 207',-47.84375,28.65625,-45.8125,'Beta3','2014-11-01 06:36:37'
'LHS 2088',-23.3125,25.71875,-28.34375,'Beta3','2014-11-01 06:36:37'
'LHS 2106',35.65625,11.4375,-13.34375,'Beta3-Inferred','2014-11-10 03:03:18'
'LHS 2123',-56.53125,42.40625,-44.75,'Beta2','2014-10-21 17:16:31'
'LHS 2126',-19.59375,22.25,-22.96875,'Beta2-Inferred','2014-10-21 17:16:31'
'LHS 214',-34.75,23.09375,-51,'Beta3-Inferred','2014-11-11 20:46:29'
'LHS 2149',20.8125,18.21875,-15.09375,'Beta3-Inferred','2014-11-10 21:32:52'
'LHS 215',-20.59375,13.28125,-18.3125,'Beta2','2014-10-21 17:16:31'
'LHS 2157',26.21875,11.15625,-7.3125,'Beta3','2014-11-01 06:36:37'
'LHS 2166',30.5,4.65625,-0.59375,'Beta3','2014-11-01 06:36:37'
'LHS 2191',-13.03125,28.3125,-25.5,'Beta2-Inferred','2014-10-21 17:16:31'
'LHS 2206',11.40625,25.1875,-18.5,'Beta3-Inferred','2014-11-13 09:03:54'
'LHS 221',-13.25,14.25,-28.71875,'Beta3','2014-11-01 06:36:37'
'LHS 2211',-12.53125,24.28125,-21,'Beta2-Inferred','2014-10-21 17:16:31'
'LHS 2217',40.1875,50,-30.15625,'Beta3','2014-11-01 06:36:37'
'LHS 223',7,4.5625,-23.90625,'Beta3-Inferred','2014-11-10 04:36:48'
'LHS 2233',69.34375,21.03125,0.25,'Beta3','2014-11-01 06:36:37'
'LHS 224',-7.5625,11.71875,-26.46875,'Beta3','2014-11-01 06:36:37'
'LHS 2259',30.375,25.1875,-8.03125,'Beta3-Inferred','2014-11-13 09:46:08'
'LHS 2274',8.21875,58.28125,-33.9375,'Beta3','2014-11-01 06:36:37'
'LHS 229',-5.90625,16.625,-33.34375,'Beta3','2014-11-01 06:36:37'
'LHS 2314',42.90625,64.03125,-20.375,'Beta3','2014-11-01 06:36:37'
'LHS 2335',52.09375,25.34375,5.6875,'Beta3','2014-11-01 06:36:37'
'LHS 2337',9.9375,66.25,-28.90625,'Beta3','2014-11-01 06:36:37'
'LHS 2363',-11.9375,62.25,-31.78125,'Beta3','2014-11-01 06:36:37'
'LHS 2405',-45.875,45.5625,-36.28125,'Beta2','2014-10-21 17:16:31'
'LHS 2412',55.09375,62.28125,1.875,'Beta3','2014-11-01 06:36:37'
'LHS 2429',24.71875,13.375,6.875,'Beta3','2014-11-01 06:36:37'
'LHS 2447',24.96875,4.5625,10.25,'Beta3-Inferred','2014-11-10 20:26:58'
'LHS 2459',-11,10.78125,-8.21875,'Beta2-Inferred','2014-11-01 23:11:19'
'LHS 246',-19,22.5625,-28.21875,'Beta2','2014-10-21 17:16:31'
'LHS 2460',48.34375,55.625,7.78125,'Beta3-Inferred','2014-11-10 00:48:43'
'LHS 2471',18.96875,42.09375,-1.3125,'Beta3','2014-11-01 06:36:37'
'LHS 2476',51.96875,48.5,14,'Beta3-Inferred','2014-11-10 00:38:34'
'LHS 2477',67.8125,31.1875,26.9375,'Beta3','2014-11-01 06:36:37'
'LHS 2482',22.75,63.90625,-3.71875,'Beta3','2014-11-01 06:36:37'
'LHS 2494',35.53125,59.03125,5.09375,'Beta3','2014-11-01 06:36:37'
'LHS 250',-19.1875,24.34375,-29.53125,'Beta2','2014-10-21 17:16:31'
'LHS 2522',-24.8125,56.53125,-23.4375,'Beta2','2014-10-21 17:16:31'
'LHS 253',27.84375,2.8125,-7.71875,'Beta3-Inferred','2014-11-10 03:24:48'
'LHS 2541',29.8125,63.96875,6.625,'Beta3','2014-11-01 06:36:37'
'LHS 2552',40.15625,13,21.25,'Beta3','2014-11-01 06:36:37'
'LHS 256',-18,21.4375,-24.0625,'Beta2-Inferred','2014-10-21 17:16:31'
'LHS 259',-7.625,42.28125,-47.90625,'Beta3','2014-11-01 06:36:37'
'LHS 2610',-41.3125,40.4375,-27.375,'Beta2-Inferred','2014-10-21 17:16:31'
'LHS 262',-6.90625,22.875,-23.8125,'Beta3','2014-11-01 06:36:37'
'LHS 2651',-22.84375,60.375,-13.8125,'Beta2','2014-10-21 17:16:31'
'LHS 2661',16.09375,46.71875,12.71875,'Beta3','2014-11-01 06:36:37'
'LHS 2691',-4.1875,65,3.21875,'Beta3','2014-11-01 06:36:37'
'LHS 273',28.5625,14.5625,-8.90625,'Beta3-Inferred','2014-11-10 20:58:27'
'LHS 274',35.8125,23.28125,-13.25,'Beta3','2014-11-01 06:36:37'
'LHS 2764a',-4.71875,54.125,0.65625,'Beta2','2014-10-21 17:16:31'
'LHS 2777',-26.9375,66.90625,-5.0625,'Beta3-Inferred','2014-11-19 12:36:25'
'LHS 278',-5.90625,38.65625,-29.90625,'Beta3','2014-11-01 06:36:37'
'LHS 2789',-34.34375,71,-8.78125,'Beta3','2014-11-01 06:36:37'
'LHS 2819',-30.5,38.5625,-13.4375,'Beta1','2014-10-21 17:16:31'
'LHS 283',-20.78125,29.59375,-23.53125,'Beta2','2014-10-21 17:16:31'
'LHS 287',1.03125,29.59375,-16.5,'Beta2','2014-10-21 17:16:31'
'LHS 2884',-22,48.40625,1.78125,'Beta1','2014-10-21 17:16:31'
'LHS 2887',-7.34375,26.78125,5.71875,'Beta1','2014-10-21 17:16:31'
'LHS 289',53.5625,37.1875,-2.90625,'undefined-Inferred','2014-11-19 12:15:35'
'LHS 292',10.9375,9.71875,-1.75,'Beta3-Inferred','2014-11-10 19:03:36'
'LHS 2921',-32.5625,64.625,3.59375,'Beta2-Inferred','2014-10-20 09:23:18'
'LHS 293',1.84375,28.3125,-14.4375,'Beta2','2014-10-21 17:16:31'
'LHS 2936',-31.6875,55.5625,0.5,'Beta2','2014-10-21 17:16:31'
'LHS 2948',-21.6875,60.4375,15.09375,'Beta2 (outside Beta3)','2014-10-21 17:16:31'
'LHS 295',15.71875,33.46875,-12.21875,'Beta3','2014-11-01 06:36:37'
'LHS 3003',7.90625,9.21875,16.1875,'Gamma-Inferred','2014-11-23 07:37:08'
'LHS 3006',-21.96875,29.09375,-1.71875,'Premium Beta2','2014-10-21 17:16:31'
'LHS 301',28.84375,52.34375,-8.625,'Beta3','2014-11-01 06:36:37'
'LHS 302',9.96875,53.1875,-16.3125,'Beta3','2014-11-01 06:36:37'
'LHS 3057',-50.75,50.03125,-13.28125,'Beta2','2014-10-21 17:16:31'
'LHS 306',30.09375,28.84375,2.96875,'Beta3','2014-11-01 06:36:37'
'LHS 3075',-34.875,51.875,12.90625,'Beta2-Inferred','2014-10-21 17:16:31'
'LHS 3080',-21.625,42.90625,21.375,'Beta2 (outside Beta3)','2014-10-21 17:16:31'
'LHS 3124',-26.28125,43.4375,24.1875,'Beta2 (outside Beta3)-Inferred','2014-10-21 17:16:31'
'LHS 316',-5.875,24.40625,-9.34375,'Beta2-Inferred','2014-11-01 17:41:30'
'LHS 317',44.65625,27.03125,15.03125,'Beta3','2014-11-01 06:36:37'
'LHS 3262',-24.125,18.84375,4.90625,'Beta1','2014-10-21 17:16:31'
'LHS 3281',-30.8125,22.5,13.25,'Beta2-Inferred','2014-10-21 17:16:31'
'LHS 3297',-36.46875,22.6875,-16.53125,'Beta2-Inferred','2014-10-21 17:16:31'
'LHS 331',-24.40625,63.4375,-20.65625,'Beta3','2014-11-01 06:36:37'
'LHS 3343',-38.9375,21.5625,11.4375,'Beta2-Inferred','2014-10-21 17:16:31'
'LHS 336',26.5625,5.78125,16.125,'Beta3','2014-11-01 06:36:37'
'LHS 337',18.4375,9.6875,10.75,'Beta3-Inferred','2014-11-10 19:46:41'
'LHS 340',20.46875,8.25,12.5,'Beta3-Inferred','2014-11-10 20:19:10'
'LHS 3409',-59.78125,24.375,8.53125,'Beta2-Inferred','2014-11-02 16:19:11'
'LHS 346',38.96875,20.21875,28.96875,'Beta3','2014-11-01 06:36:37'
'LHS 3461',-31.34375,14.71875,-9.71875,'Beta2-Inferred','2014-10-21 17:16:31'
'LHS 35',11.4375,8.1875,-16.96875,'Beta3-Inferred','2014-11-10 03:37:36'
'LHS 350',-1.46875,44.59375,5.75,'Beta2','2014-10-21 17:16:31'
'LHS 351',8.40625,59.875,17.5625,'Beta3','2014-11-01 06:36:37'
'LHS 3549',-29.625,6.125,-1.9375,'Beta2','2014-10-21 17:16:31'
'LHS 355',1.09375,46.15625,9.71875,'Beta2','2014-10-21 17:16:31'
'LHS 3558',-24.8125,6.78125,-4.4375,'Beta2-Inferred','2014-10-21 17:16:31'
'LHS 3586',-82.09375,25.96875,-23.15625,'Beta2','2014-10-21 17:16:31'
'LHS 3595',-22.3125,4.40625,-3.53125,'Beta3-Inferred','2014-11-11 19:00:15'
'LHS 362',-3.21875,38.03125,8.40625,'Beta2-Inferred','2014-10-21 17:16:31'
'LHS 3631',-91.625,30.34375,-31.65625,'Beta2','2014-10-21 17:16:31'
'LHS 369',9.71875,26.34375,22.15625,'Beta3','2014-11-01 06:36:37'
'LHS 371',-9.625,49.4375,17.625,'Beta2','2014-10-21 17:16:31'
'LHS 3749',-69.5625,12.46875,-22.4375,'Beta2-Inferred','2014-10-21 17:16:31'
'LHS 380',5.28125,6.75,10.875,'Beta3','2014-11-01 06:36:37'
'LHS 3877',-74.28125,10.90625,-30.84375,'Beta2','2014-10-21 17:16:31'
'LHS 391',-15.90625,45.15625,21.375,'Beta2','2014-10-21 17:16:31'
'LHS 396',-9.875,30.84375,20.46875,'Beta2-Inferred','2014-11-01 16:31:08'
'LHS 397',8.5625,3.875,16.875,'Gamma-Inferred','2014-11-23 07:12:33'
'LHS 399',-13.5625,36.15625,25.78125,'Beta2 (outside Beta3)-Inferred','2014-10-21 17:16:31'
'LHS 411',-13.125,23.59375,18.625,'Beta2','2014-10-21 17:16:31'
'LHS 417',-18.3125,18.1875,4.90625,'Beta1','2014-10-21 17:16:31'
'LHS 446',-44.3125,31.625,11.15625,'Beta2-Inferred','2014-11-02 16:28:40'
'LHS 450',-12.40625,7.8125,-1.875,'Beta3','2014-11-01 06:36:37'
'LHS 455',-16.90625,10.21875,-3.4375,'Beta2-Inferred','2014-10-21 17:16:31'
'LHS 457',-31.75,16.65625,15.5,'Beta2 (outside Beta3)-Inferred','2014-10-21 17:16:31'
'LHS 465',-23.9375,12.21875,-0.625,'Beta2-Inferred','2014-10-19 00:59:42'
'LHS 47',0.71875,16.6875,5.40625,'Beta3-Inferred','2014-11-11 18:26:18'
'LHS 494',-50.5625,11.46875,-6.1875,'Beta2-Inferred','2014-11-02 14:36:45'
'LHS 5072',-33.34375,15.15625,-27.53125,'Beta2','2014-10-21 17:16:31'
'LHS 5287',-36.40625,48.1875,-0.78125,'Beta1','2014-10-21 17:16:31'
'LHS 534',-58.21875,11.90625,-26.9375,'Beta2-Inferred','2014-10-21 17:16:31'
'LHS 535',-46.625,6.84375,-20.4375,'Beta2-Inferred','2014-10-21 17:16:31'
'LHS 6128',-14.4375,18.3125,-29.28125,'Beta3','2014-11-01 06:36:37'
'LHS 6171',56.5,41.5,-28.90625,'Beta3-Inferred','2014-11-10 01:18:49'
'LHS 6179',34.375,51.5,-34.53125,'Beta3-Inferred','2014-11-10 01:36:22'
'LHS 6197',79.5,45,10.46875,'Beta3','2014-11-01 06:36:37'
'LHS 6282',-11.46875,39.78125,22.78125,'Beta2','2014-10-21 17:16:31'
'LHS 6309',-33.5625,33.125,13.46875,'Beta1','2014-10-21 17:16:31'
'LHS 6354',-65.28125,27.34375,-16.125,'Beta2-Inferred','2014-10-21 17:16:31'
'LHS 64',-76.6875,11.09375,-10.8125,'Beta2','2014-10-21 17:16:31'
'Li Quang',-108.03125,36.84375,-11.75,'Beta3','2014-11-01 06:36:37'
'Liabefa',-77,39,-56,'Beta2-Inferred','2014-10-20 00:58:14'
'Loga',-79.78125,36.53125,-42.0625,'Beta2','2014-10-21 17:16:31'
'Logoni',69.21875,29.03125,17.28125,'Beta3','2014-11-01 06:36:37'
'Lokapuri',-72.78125,33.78125,1.9375,'Beta3','2014-11-01 06:36:37'
'Lopu Maid Fo',59.28125,44.375,16.6875,'Beta3','2014-11-01 06:36:37'
'Lorana',-24.78125,1.09375,-21.21875,'Beta3-Inferred','2014-11-11 19:38:18'
'Loucetios',-21.4375,58.0625,-10.15625,'Beta2-Inferred','2014-10-21 17:16:31'
'LP 1-52',-49.9375,28.8125,-33.28125,'Beta2','2014-10-21 17:16:31'
'LP 102-320',-60.625,35.125,3.21875,'Beta2','2014-10-21 17:16:31'
'LP 103-294',-37.1875,19,-0.1875,'Beta2-Inferred','2014-10-21 17:16:31'
'LP 131-55',-25.34375,63.8125,-17.6875,'Beta3','2014-11-01 06:36:37'
'LP 167-64',-7.34375,55.78125,-35.59375,'Beta3','2014-11-01 06:36:37'
'LP 167-71',-11.15625,61.84375,-39.28125,'Beta3','2014-11-01 06:36:37'
'LP 176-55',-37.28125,50.96875,10.09375,'Beta2-Inferred','2014-10-20 09:15:36'
'LP 180-17',-56.84375,37.71875,12.71875,'Beta2-Inferred','2014-10-21 17:16:31'
'LP 205-44',-4.125,8.875,-34.90625,'Beta3-Inferred','2014-11-10 16:57:29'
'LP 211-12',2.03125,43.96875,-41.375,'Beta3','2014-11-01 06:36:37'
'LP 229-17',-23.03125,9.03125,8.96875,'Beta2-Inferred','2014-10-21 17:16:31'
'LP 25-2',-48.9375,27.25,-19.5625,'Beta2','2014-10-21 17:16:31'
'LP 27-9',-70.40625,25.4375,-32.40625,'Beta2','2014-10-21 17:16:31'
'LP 271-25',-10.46875,31.84375,7.3125,'Beta1','2014-10-21 17:16:31'
'LP 274-8',-29.71875,45,20.28125,'Beta2-Inferred','2014-10-21 17:16:31'
'LP 275-68',-23.34375,25.0625,15.1875,'Beta1','2014-10-21 17:16:31'
'LP 29-188',-67.625,17.0625,-50.21875,'Beta2','2014-10-21 17:16:31'
'LP 30-55',-26.5625,6.75,-20.71875,'Beta3','2014-11-01 06:36:37'
'LP 320-359',1.25,49.71875,-6.5625,'Beta2','2014-10-21 17:16:31'
'LP 322-836',-3.4375,51.59375,2.03125,'Beta2','2014-10-21 17:16:31'
'LP 329-18',-26.625,39.875,23.28125,'Beta2-Inferred','2014-10-21 17:16:31'
'LP 336-6',-23.46875,5.09375,11.4375,'Beyond The Pill (unverified)-Inferred','2014-10-21 17:16:31'
'LP 34-161',-37.40625,33.5,-54.5625,'Beta3-Inferred','2014-11-11 22:21:42'
'LP 36-115',-41.6875,46,-49.78125,'Beta3','2014-11-01 06:36:37'
'LP 37-75',-27.25,38.5,-33.65625,'Beta2','2014-10-21 17:16:31'
'LP 377-100',7.5625,70.4375,-2.5625,'Beta3','2014-11-01 06:36:37'
'LP 378-541',1.1875,20.71875,2.34375,'Beta2-Inferred','2014-11-01 21:35:32'
'LP 386-49',-25.53125,33.375,26,'Beta2 (outside Beta3)-Inferred','2014-10-21 17:16:31'
'LP 4-258',-46.875,32.1875,-37.21875,'Beta2-Inferred','2014-10-21 17:16:31'
'LP 438-8',2,40.25,10.3125,'Beta2-Inferred','2014-10-21 17:16:31'
'LP 440-38',-4.65625,43.78125,20.6875,'Beta2','2014-10-21 17:16:31'
'LP 45-128',-69.28125,32.25,-13.90625,'Beta2','2014-10-21 17:16:31'
'LP 465-14',75.75,26.03125,5.15625,'Beta3','2014-11-01 06:36:37'
'LP 48-567',-67.0625,14.96875,-25.5625,'Beta2','2014-10-21 17:16:31'
'LP 488-37',28.5625,42.5625,-31.9375,'Beta3','2014-11-01 06:36:37'
'LP 5-110',-51.5625,37.21875,-41.375,'Beta2-Inferred','2014-10-21 17:16:31'
'LP 5-88',-27.28125,19.59375,-23.03125,'Beta2','2014-10-21 17:16:31'
'LP 51-17',-60.0625,5.15625,-40.28125,'Beta3','2014-11-01 06:36:37'
'LP 54-19',-46.65625,13.09375,-49.6875,'Beta3-Inferred','2014-11-11 22:29:48'
'LP 58-247',-24.25,28.53125,-46,'Beta3','2014-11-01 06:36:37'
'LP 60-205',-31.96875,46.84375,-50.375,'Beta3','2014-11-01 06:36:37'
'LP 605-37',33.125,18.625,-31.5625,'Beta3-Inferred','2014-11-13 09:26:50'
'LP 617-37',22.28125,58.59375,25.5,'Beta3','2014-11-01 06:36:37'
'LP 62-147',-20.5,38.5,-30.3125,'Beta2-Inferred','2014-10-21 17:16:31'
'LP 625-34',-9.46875,17.8125,30.4375,'Beyond The Pill (unverified)-Inferred','2014-10-21 17:16:31'
'LP 64-194',-21.65625,32.21875,-16.21875,'Beta1','2014-10-21 17:16:31'
'LP 671-11',26.9375,28.03125,-4.59375,'Beta3-Inferred','2014-11-13 09:50:24'
'LP 672-42',27.78125,32.84375,1,'Beta3','2014-11-01 06:36:37'
'LP 673-13',33.15625,43.03125,0.40625,'Beta3','2014-11-01 06:36:37'
'LP 675-76',27.21875,45.59375,11.59375,'Beta3','2014-11-01 06:36:37'
'LP 7-226',-42.78125,31.75,-27.25,'Beta2','2014-10-21 17:16:31'
'LP 71-157',-52.34375,28.375,-8.03125,'Beta2','2014-10-21 17:16:31'
'LP 71-165',-20.90625,11.09375,-2.21875,'Beta2-Inferred','2014-10-21 17:16:31'
'LP 732-94',33.28125,32.34375,1.03125,'Beta3','2014-11-01 06:36:37'
'LP 734-11',36.9375,41.28125,9.625,'Beta3','2014-11-01 06:36:37'
'LP 787-52',35.40625,14.375,-14.21875,'Beta3','2014-11-01 06:36:37'
'LP 788-24',44.65625,21.78125,-13.03125,'Beta3-Inferred','2014-11-10 02:27:26'
'LP 792-20',41.53125,34.78125,4,'Beta3','2014-11-01 06:36:37'
'LP 792-33',54.8125,49.65625,7.71875,'Beta3','2014-11-01 06:36:37'
'LP 793-33',46.875,40.21875,11.25,'Beta3','2014-11-01 06:36:37'
'LP 844-28',36.125,9.3125,-13.75,'Beta3','2014-11-01 06:36:37'
'LP 847-48',34.0625,13.375,-4.78125,'Beta3','2014-11-01 06:36:37'
'LP 849-20',78.71875,50.21875,1.0625,'Beta3','2014-11-01 06:36:37'
'LP 855-34',33.625,33.8125,33.375,'Beta3','2014-11-01 06:36:37'
'LP 9-231',-42.15625,25.53125,-19.59375,'Beta2-Inferred','2014-10-21 17:16:31'
'LP 90-39',-18.25,33.09375,-39.09375,'Beta3','2014-11-01 06:36:37'
'LP 906-9',43.4375,25.78125,6.5625,'Beta3','2014-11-01 06:36:37'
'LP 908-11',42.84375,25.34375,16.9375,'Beta3','2014-11-01 06:36:37'
'LP 98-132',-26.78125,37.03125,-4.59375,'Alpha4','2014-10-21 17:16:31'
'LP Draconis',-87.9375,49.34375,-15.5,'Beta2','2014-10-21 17:16:31'
'LQ Hydrae',48.34375,29.15625,-22.34375,'Beta3-Inferred','2014-11-10 02:01:08'
'LTT 10482',-61.1875,23.59375,-42,'Beta2','2014-10-21 17:16:31'
'LTT 10533',-76.9375,34.65625,-52.875,'Beta2-Inferred','2014-10-21 17:16:31'
'LTT 11362',-58.15625,27.0625,-56.71875,'Beta3-Inferred','2014-11-11 22:36:46'
'LTT 12680',31.09375,53.25,-34.96875,'Beta3','2014-11-01 06:36:37'
'LTT 12990',-0.5625,67.40625,-29.65625,'Beta3','2014-11-01 06:36:37'
'LTT 14019',-38.375,66.25,-12.96875,'Beta3-Inferred','2014-11-19 10:47:42'
'LTT 14474',-68,60.46875,-28.40625,'Beta2-Inferred','2014-10-21 17:16:31'
'LTT 14542',-57.21875,57.84375,-14.625,'Beta2-Inferred','2014-10-21 17:16:31'
'LTT 14761',-72.3125,60.96875,-19.28125,'Beta2-Inferred','2014-10-21 17:16:31'
'LTT 15294',-84.6875,50.21875,-6.40625,'Beta2','2014-10-21 17:16:31'
'LTT 16016',-62.53125,12.375,-5.5,'Beta2','2014-10-21 17:16:31'
'LTT 16470',-64.375,9.5,-19.625,'Beta2-Inferred','2014-10-20 00:58:04'
'LTT 16523',-72.65625,13.28125,-25.9375,'Beta2','2014-10-21 17:16:31'
'LTT 16979',-97.25,24.3125,-52.5625,'Beta2','2014-10-21 17:16:31'
'LTT 17102',-73.84375,16.5625,-45.59375,'Beta2','2014-10-21 17:16:31'
'LTT 18432',-59.21875,44.84375,-22.6875,'Beta2-Inferred','2014-10-21 17:16:31'
'LTT 18506',-70.84375,20.25,-18.09375,'Beta2-Inferred','2014-10-21 17:16:31'
'LTT 18528',-99.375,17.6875,-24.5625,'Beta2-Inferred','2014-10-21 17:16:31'
'LTT 18557',-59.875,19.15625,-25.28125,'Beta2-Inferred','2014-10-21 17:16:31'
'LTT 3572',18.90625,-4.21875,5.84375,'Gamma-Inferred','2014-11-24 07:46:04'
'LTT 3919',50.03125,17.375,5.59375,'Beta3','2014-11-01 06:36:37'
'LTT 3926',60.15625,48.46875,-8.21875,'Beta3-Inferred','2014-11-10 01:08:46'
'LTT 4131',61,37.84375,7.84375,'Beta3','2014-11-01 06:36:37'
'LTT 4150',61.46875,42.6875,6.96875,'Beta3','2014-11-01 06:36:37'
'LTT 4376',54.5,61.46875,9.625,'Beta3','2014-11-01 06:36:37'
'LTT 4447',68.0625,50.40625,23.15625,'Beta3','2014-11-01 06:36:37'
'LTT 4461',49.625,44.84375,15.65625,'Beta3','2014-11-01 06:36:37'
'LTT 4527',49.9375,48.53125,17.28125,'Beta3','2014-11-01 06:36:37'
'LTT 4730',22.1875,30.875,9.84375,'Beta3','2014-11-01 06:36:37'
'LTT 4772',50.78125,63.21875,26.53125,'Beta3','2014-11-01 06:36:37'
'LTT 4898',43.0625,39.71875,27.71875,'Beta3','2014-11-01 06:36:37'
'LTT 5131',39.28125,26.0625,32.375,'Beta3','2014-11-01 06:36:37'
'LTT 5455',13.0625,18.8125,17.96875,'Beta3','2014-11-01 06:36:37'
'LU Velorum',49.875,5.875,4.3125,'Beta3','2014-11-01 06:36:37'
'Lucab Ku',-132.75,48.28125,-41.4375,'Beta3','2014-11-01 06:36:37'
'Luggerates',-106.8125,42.0625,-63.9375,'Beta3','2014-11-01 06:36:37'
'Lugien Chabtani',-63.21875,57.625,-16,'Beta3','2014-11-01 06:36:37'
'Luhman 16',6.3125,0.59375,1.71875,'Beta3','2014-11-01 06:36:37'
'Luyten 143-23',13.125,-0.75,6.40625,'Gamma-Inferred','2014-11-24 07:21:45'
'Luyten 145-141',13.4375,-0.8125,6.65625,'Gamma-Inferred','2014-11-24 07:25:54'
'Luyten 674-15',16.71875,2.28125,-9.125,'Beta3','2014-11-01 06:36:37'
'Luyten''s Star',6.5625,2.34375,-10.25,'Beta3','2014-11-01 06:36:37'
'Macomaneleng Mu',-100.40625,28.125,-28.75,'Beta2','2014-11-01 06:36:37'
'Magec',-32.875,36.15625,15.5,'Beta1','2014-10-21 17:16:31'
'Maitaokona',-157.0625,33.1875,-69.8125,'Beta3','2014-11-01 06:36:37'
'Maitis',-84.1875,18.0625,-47.28125,'Beta3','2014-11-01 06:36:37'
'Malanquiya',-150.21875,30.09375,-15.6875,'Beta3','2014-11-01 06:36:37'
'Malina',-48.1875,23,14.40625,'Beta2','2014-10-21 17:16:31'
'Maljenni',61.34375,38.71875,17,'Beta3','2014-11-01 06:36:37'
'Manarato',-91.84375,64.9375,-38.5,'Beta3','2014-11-01 06:36:37'
'Manbai Chac Moco',28.5,32.09375,5.3125,'Beta3','2014-11-01 06:36:37'
'Mankob',-84.78125,21.90625,-44.40625,'Beta3','2014-11-01 06:36:37'
'Mannheim',-142,67.625,-36.34375,'Beta3','2014-11-01 06:36:37'
'Maranarinjhian Hsi',-97.34375,42.625,-6.9375,'Beta3','2014-11-01 06:36:37'
'Marasing',-89.03125,31.09375,-11.15625,'Beta3','2014-11-01 06:36:37'
'Maraupol Bumbin',82.5,50.71875,4.84375,'Beta3','2014-11-01 06:36:37'
'Marcov''s Point',-22.34375,14.625,17.65625,'Beta2-Inferred','2014-10-21 17:16:31'
'Marditj',32.4375,15.0625,9.375,'Beta3','2014-11-01 06:36:37'
'Markanomovoy',-167.09375,26.71875,-55.375,'Beta3','2014-11-01 06:36:37'
'Marojini',-99.84375,34.46875,-9.3125,'Beta3','2014-11-01 06:36:37'
'Marsinatani',-87.21875,40.34375,-9.5,'Beta3','2014-11-01 06:36:37'
'Matask',-70.25,51.03125,-47.46875,'Beta2-Inferred','2014-10-21 05:24:15'
'Maujinagoto',-77.46875,16.09375,-19.5625,'Beta3','2014-11-01 06:36:37'
'Mbombo',-37.59375,1.96875,-30.875,'Beta3-Inferred','2014-11-11 20:15:01'
'Mbuthamovites',-132.8125,15.65625,-47.90625,'Beta3','2014-11-01 06:36:37'
'MCC 813',-78.625,21.46875,-3.125,'Beta2-Inferred','2014-10-21 17:16:31'
'MCC 858',-74,4.9375,-29.875,'Beta2','2014-10-21 17:16:31'
'Medusa',-67.96875,42.5,-14.5,'Beta2','2014-10-21 17:16:31'
'Megrez',-30.09375,69.5625,-27.1875,'Beta3','2014-11-01 06:36:37'
'Melcior',54.78125,65.25,-9.21875,'Beta3','2014-11-01 06:36:37'
'Meliae',-17.3125,49.53125,-1.6875,'Beta1','2014-10-21 17:16:31'
'Merki',-81.625,50.625,-19.28125,'Beta2','2014-10-21 17:16:31'
'Midgcut',-14.625,10.34375,13.15625,'Beta3','2014-11-01 06:36:37'
'Mildeptu',14.125,1.3125,-3.28125,'Beta3','2014-11-01 06:36:37'
'Mildjarayuta',65.9375,44.625,8.84375,'Beta3','2014-11-01 06:36:37'
'Minawara',-100.03125,42.53125,-60.59375,'Beta3','2014-11-01 06:36:37'
'Ministry',15.46875,-4,1.625,'Gamma-Inferred','2014-11-24 07:33:57'
'Miola',-64,24,-41,'Beta2','2014-10-21 17:16:31'
'Miquich',-17.71875,19.125,19.59375,'Beta2','2014-10-21 17:16:31'
'Mirphak',-274.96875,-47.625,-422.65625,'Beyond The Pill (unverified)-Inferred','2014-10-21 17:16:31'
'Mizar',-34.21875,68.84375,-14.09375,'Beta3','2014-11-01 06:36:37'
'Mobokomu',-126.40625,20.09375,-57.3125,'Beta3','2014-11-01 06:36:37'
'Mokojing',73.4375,58.34375,-0.21875,'Beta3','2014-11-01 06:36:37'
'Momoirent',58.0625,13.53125,0.90625,'Beta3','2014-11-01 06:36:37'
'Morgor',-15.25,39.53125,-2.25,'Beta1','2014-10-21 17:16:31'
'Mormo',-98.3125,43.1875,-45.21875,'Beta2-Inferred','2014-10-21 17:16:31'
'Moros',-45.96875,17.375,-31.3125,'Beta2','2014-10-21 17:16:31'
'Moscab Kutja',-95.65625,38.0625,-13.46875,'Beta2','2014-11-01 06:36:37'
'MS Draconis',-72.71875,45.40625,-5.875,'Beta2-Inferred','2014-10-21 17:16:31'
'Mu Nora',-115.09375,43.84375,-24.5,'Beta3','2014-11-01 06:36:37'
'Muango',-143.03125,28.53125,-20.90625,'Beta3','2014-11-01 06:36:37'
'Mufrid',-1.125,35.25,11.09375,'Beta2','2014-10-21 17:16:31'
'Mullag',0.5,35.09375,-19.1875,'Beta2','2014-10-21 17:16:31'
'Muncheim',-98.375,37.5625,-61.28125,'Beta3','2014-11-01 06:36:37'
'Nagariggam',57.0625,37.875,0.75,'Beta3','2014-11-01 06:36:37'
'Nahundi',28,47.15625,-13.28125,'Beta3','2014-11-01 06:36:37'
'Nakuma',-154.59375,34.1875,-18.75,'Beta3','2014-11-01 06:36:37'
'Nanauatzin',-3.40625,51.65625,3.78125,'Beta2-Inferred','2014-10-21 17:16:31'
'Nang Ta-khian',-18.21875,26.5625,-6.34375,'Beta1','2014-10-21 17:16:31'
'Naraka',-34.09375,26.21875,-5.53125,'Beta1','2014-10-21 17:16:31'
'Neche',63.6875,12.90625,-13.09375,'Beta3','2014-11-01 06:36:37'
'Nemepawe',-127.59375,34.90625,-43.40625,'Beta3','2014-11-01 06:36:37'
'Nener',-97,14.15625,-33.5,'Beta3','2014-11-01 06:36:37'
'Nephthys',45.59375,49.09375,-31.875,'Beta3-Inferred','2014-11-10 01:25:13'
'Ngardamayo',39.53125,28.53125,-36.21875,'Beta3','2014-11-01 06:36:37'
'Ngolitjali',-117.53125,38.0625,-4.9375,'Beta3','2014-11-01 06:36:37'
'Ngoloki Anaten',-112.5,33.8125,-60.03125,'Beta2','2014-11-01 06:36:37'
'Nicobarese',-124.9375,29.90625,-39.15625,'Beta3','2014-11-01 06:36:37'
'Njikan',-104.78125,3.65625,-20.8125,'Beta3','2014-11-01 06:36:37'
'NLTT 25207',83.71875,34.375,7.65625,'undefined-Inferred','2014-11-19 11:45:58'
'NLTT 26813',65.5625,35.875,11.8125,'Beta3','2014-11-01 06:36:37'
'NLTT 34715',-27.4375,66.53125,-5.65625,'Beta3','2014-11-01 06:36:37'
'NLTT 42620',-61.78125,46.28125,-21.53125,'Beta2-Inferred','2014-10-21 17:16:31'
'NLTT 44050',-57.46875,38.8125,-21.09375,'Beta2-Inferred','2014-10-21 17:16:31'
'NLTT 46621',-43.8125,20.34375,4.8125,'Beta2','2014-10-21 17:16:31'
'NLTT 46629',-67.34375,38.21875,-25.9375,'Beta2-Inferred','2014-10-21 17:16:31'
'NLTT 47491',-89,47.125,-35.25,'Beta2-Inferred','2014-10-21 17:16:31'
'NLTT 48502',-99.5625,27.125,-4.25,'Beta3','2014-11-01 06:36:37'
'NLTT 49528',-72.625,18.5,-11.75,'Beta2','2014-10-21 17:16:31'
'NLTT 50716',-90.96875,40.40625,-42.0625,'Beta2','2014-10-21 17:16:31'
'NLTT 53889',-76.5,7.6875,-24.96875,'Beta2','2014-10-21 17:16:31'
'NSV 4864',-46.09375,38.625,-36.0625,'Beta2-Inferred','2014-10-21 17:16:31'
'Nuenets',48,17.65625,28.3125,'Beta3','2014-11-01 06:36:37'
'Nuguynici',-132.3125,44.40625,-13.84375,'Beta3','2014-11-01 06:36:37'
'Nuwang',-87.65625,0.59375,-41.53125,'Beta3','2014-11-01 06:36:37'
'Nzam Cakua',-90.65625,8.5,-40.625,'Beta3','2014-11-01 06:36:37'
'Nzambassee',-1.03125,33.0625,-19.96875,'Beta3','2014-11-01 06:36:37'
'Okinoukhe',-111.5625,8.84375,-41.65625,'Beta3','2014-11-01 06:36:37'
'Okuapang',-84.3125,52.8125,-14.875,'Beta3','2014-11-01 06:36:37'
'Olgrea',-28.125,68.28125,-6.375,'Beta3','2014-11-01 06:36:37'
'Omega Draconis',-63.375,39.90625,-10.125,'Beta2-Inferred','2014-10-21 17:16:31'
'Onduwatya',-119.9375,60.34375,-38.71875,'Beta3','2014-11-01 06:36:37'
'Opala',-25.5,35.25,9.28125,'Beta1','2014-10-21 17:16:31'
'Ori',-26.28125,56.09375,2.4375,'Beta2','2014-10-21 17:16:31'
'OT Serpentis',-11.125,30.34375,18.40625,'Beta3','2014-11-01 06:36:37'
'Ovid',-28.0625,35.15625,14.8125,'Beta1','2014-10-21 17:16:31'
'Pachanu',-160.21875,40.53125,-55.75,'Beta3','2014-11-01 06:36:37'
'Pan',14.9375,40.03125,22.375,'Beta3','2014-11-01 06:36:37'
'Pangluya',27.1875,41.1875,-16.59375,'Beta3','2014-11-01 06:36:37'
'Parcae',-8.125,55.09375,-17,'Beta2','2014-10-21 17:16:31'
'Paul-Friedrichs Star',-48.15625,34.3125,8.78125,'Beta2','2014-10-21 17:16:31'
'Pemede',-88.4375,25.46875,-26.15625,'Beta2','2014-11-01 06:36:37'
'Perendi',-52.5625,33.09375,-11.875,'Beta2','2014-10-21 17:16:31'
'Perkwunos',-40.5,46.75,6.75,'Beta2-Inferred','2014-11-02 17:18:43'
'Phra Zhan',78.8125,56.0625,7.21875,'Beta3','2014-11-01 06:36:37'
'PI-1 Ursae Minoris',-52.1875,39.75,-24.96875,'Beta2-Inferred','2014-10-21 17:16:31'
'Pi-fang',-34.65625,22.84375,-4.59375,'Beta1','2014-10-21 17:16:31'
'Piran',-124.40625,39.5,-13.96875,'Beta3','2014-11-01 06:36:37'
'Pliny',4.625,36,-13.5,'Beta3','2014-11-01 06:36:37'
'Polaris',-322.6875,194.59375,-212.4375,'Beyond The Pill (unverified)-Inferred','2014-10-21 17:16:31'
'Pollux',6.71875,13.71875,-30.125,'Beta3','2014-11-01 06:36:37'
'Popon',-156.78125,20.84375,-76.75,'Beta3','2014-11-01 06:36:37'
'PPM 41187',-74.125,-1.9375,-23.90625,'Beta3','2014-11-01 06:36:37'
'Privir',-161.0625,16.5,-22.875,'Beta3','2014-11-01 06:36:37'
'Procyon',6.21875,2.65625,-9.1875,'Beta3','2014-11-01 06:36:37'
'Psamathe',-76.71875,7.34375,-28.0625,'Beta2','2014-10-21 17:16:31'
'PW Hydrae',65,38.5625,-6.21875,'Beta3','2014-11-01 06:36:37'
'Quiness',-46.46875,37.78125,-24.9375,'Beta2','2014-10-21 17:16:31'
'QY Aurigae',-0.375,6.71875,-18.65625,'Beta3-Inferred','2014-11-10 04:45:01'
'Rabates',-152.125,-1.71875,-49.34375,'Beta3','2014-11-01 06:36:37'
'Rahu',-43.78125,62.4375,-0.25,'Beta2','2014-10-21 17:16:31'
'Rakapila',-14.90625,33.625,9.125,'Beta1','2014-10-21 17:16:31'
'Ratri',-11.53125,70,-26.75,'Beta3','2014-11-01 06:36:37'
'Rauratunab',-118.4375,11.03125,-51.78125,'Beta3','2014-11-01 06:36:37'
'Rex',-27.34375,11.5625,-40.25,'Beta3-Inferred','2014-11-11 21:00:35'
'Rhea',58.125,22.59375,-28.59375,'Beta3','2014-11-01 06:36:37'
'Rho Cancri',9.34375,24.9375,-30.1875,'Beta3','2014-11-01 06:36:37'
'Rho Coronae Borealis',-29.875,42.09375,22.21875,'Beta2-Inferred','2014-10-21 17:16:31'
'Rigel',385.78125,-360.40625,-682.53125,'Beyond The Pill (unverified)-Inferred','2014-10-21 17:16:31'
'Ross 1003',-4.3125,33.90625,-11.96875,'Beta2','2014-10-21 17:16:31'
'Ross 1007',-8.34375,54.71875,1.9375,'Beta2-Inferred','2014-10-21 17:16:31'
'Ross 1008',-8.71875,51.5625,1.5,'Beta2-Inferred','2014-10-21 17:16:31'
'Ross 1015',-6.09375,29.46875,3.03125,'Beta1','2014-10-21 17:16:31'
'Ross 1019',-15,55.03125,4.28125,'Beta2-Inferred','2014-10-21 17:16:31'
'Ross 104',5.5625,19.6875,-7.3125,'Beta3','2014-11-01 06:36:37'
'Ross 1051',-37.21875,44.5,-5.0625,'Beta1','2014-10-21 17:16:31'
'Ross 1057',-32.3125,26.1875,-12.4375,'Beta1','2014-10-21 17:16:31'
'Ross 1069',-50.53125,10.625,1.03125,'Beta2-Inferred','2014-11-02 15:00:42'
'Ross 112',-28,64.28125,-33.34375,'Beta3','2014-11-01 06:36:37'
'Ross 128',5.53125,9.4375,0.125,'Beta3','2014-11-01 06:36:37'
'Ross 130',-3.90625,41,19.75,'Beta2','2014-10-21 17:16:31'
'Ross 154',-1.9375,-1.84375,9.3125,'Gamma-Inferred','2014-11-24 06:36:22'
'Ross 210',-73.5,10.0625,-15.71875,'Beta2','2014-10-21 17:16:31'
'Ross 211',-123.71875,17.3125,-30.21875,'Beta2','2014-10-21 17:16:31'
'Ross 214',-161.125,16.78125,-58.5,'Beta3-Inferred','2014-11-13 15:32:35'
'Ross 318',-22,4.25,-14.875,'Beta3','2014-11-01 06:36:37'
'Ross 439',40,26.8125,-22.03125,'Beta3-Inferred','2014-11-10 02:34:48'
'Ross 440',26.75,14.8125,-11.375,'Beta3-Inferred','2014-11-10 21:15:30'
'Ross 446',14.21875,16.90625,-6.53125,'Beta3','2014-11-01 06:36:37'
'Ross 447',-36.5,52.46875,-38.15625,'Beta3','2014-11-01 06:36:37'
'Ross 486',14.65625,39.46875,18.90625,'Beta3','2014-11-01 06:36:37'
'Ross 490',3.59375,23.5,7.53125,'Beta3','2014-11-01 06:36:37'
'Ross 52',-8.4375,29.15625,13.3125,'Beta2-Inferred','2014-11-01 17:05:35'
'Ross 640',-31.6875,35.125,18.9375,'Beta2','2014-10-21 17:16:31'
'Ross 667',-170.53125,5.71875,-49.1875,'Beta3','2014-11-01 06:36:37'
'Ross 676',-83.1875,4.84375,-40.8125,'Beta2-Inferred','2014-10-21 17:16:31'
'Ross 690',-28.40625,47.8125,-21.96875,'Beta2-Inferred','2014-10-21 17:16:31'
'Ross 695',18.8125,20.03125,8.78125,'Beta3','2014-11-01 06:36:37'
'Ross 837',1.8125,39.9375,15.53125,'Beta2-Inferred','2014-10-21 17:16:31'
'Ross 85',17.375,25.5,-19.875,'Beta3','2014-11-01 06:36:37'
'Ross 860',-20.125,19.28125,19,'Beta2','2014-10-21 17:16:31'
'Ross 868',-24.6875,19.125,21.3125,'Beta2-Inferred','2014-10-19 01:04:08'
'Ross 905',4.46875,31.9375,-7.21875,'Beta2','2014-10-21 17:16:31'
'Ross 93',11.46875,34.5625,-27.6875,'Beta3','2014-11-01 06:36:37'
'Ross 986',-0.25,7.1875,-19.25,'Beta3','2014-11-01 06:36:37'
'Sagittarius A*',25.21875,-20.90625,25899.96875,'Beyond The Pill (unverified)-Inferred','2014-10-23 11:34:21'
'Sak Chelmir',55.78125,40.8125,19.78125,'Beta3','2014-11-01 06:36:37'
'Salarhul',-120.875,46.34375,-35.5625,'Beta3','2014-11-01 06:36:37'
'Samkyha',66.96875,28.75,-1.21875,'Beta3','2014-11-01 06:36:37'
'San Tu',24.96875,36.8125,-8.78125,'Beta3-Inferred','2014-11-13 11:00:21'
'Sanguru',-123.53125,42.3125,-72.71875,'Beta3','2014-11-01 06:36:37'
'SDSS J1416+1348',-0.6875,27.15625,12,'Beta2-Inferred','2014-10-21 17:16:31'
'Seber',-173.875,2.5625,-31.21875,'Beta3','2014-11-01 06:36:37'
'Sekhemet',33.1875,30.375,-29.21875,'Beta3','2014-11-01 06:36:37'
'Selebegua',58.75,61.125,25.59375,'Beta3','2014-11-01 06:36:37'
'Seting',-57.71875,7.875,-6.5,'Beta3','2014-11-01 06:36:37'
'Shama',-143.3125,49.75,-45.3125,'Beta3','2014-11-01 06:36:37'
'Shamash',47.46875,28.28125,-9.21875,'Beta3','2014-11-01 06:36:37'
'Shapash',36.75,31.8125,-19.375,'Beta3','2014-11-01 06:36:37'
'Shebayeb',-84.6875,55.71875,-12.78125,'Beta3','2014-11-01 06:36:37'
'Sheela Na Gig',-24.9375,67.46875,-12.09375,'Beta3','2014-11-01 06:36:37'
'Shinrarta Dezhra',55.71875,17.59375,27.15625,'Beta3','2014-11-01 06:36:37'
'Shudun Sector AA-A d142',-1.15625,34.53125,-7.59375,'Beta3-Inferred','2014-11-01 18:08:43'
'Sigma Bootis',-14.46875,47.4375,14.40625,'Beta2','2014-10-21 17:16:31'
'Sigma Draconis',-17.09375,7,-3.46875,'Beta3-Inferred','2014-11-11 18:51:44'
'Skeggiko O',53.6875,11.9375,16.5,'Beta3','2014-11-01 06:36:37'
'Skokolochoeri',-154.4375,49.1875,-46.25,'undefined-Inferred','2014-11-17 23:46:30'
'Slatus',76.6875,35.1875,-19.09375,'Beta3','2014-11-01 06:36:37'
'Sobek',-34.46875,67.78125,-21.09375,'Beta3-Inferred','2014-11-19 10:40:27'
'Sofagre',-54.21875,48.53125,-30.15625,'Beta2','2014-10-21 17:16:31'
'Sokoji',58.15625,38.875,19.4375,'Beta3','2014-11-01 06:36:37'
'Sol',0,0,0,'Not Present','2014-10-21 17:16:31'
'Song Te Tians',40.09375,52.59375,-17.21875,'Beta3','2014-11-01 06:36:37'
'Sopdu',-45.625,7.125,-27.53125,'Beta3','2014-11-01 06:36:37'
'Stein 2051',-9.46875,2.4375,-15.375,'Beta3','2014-11-01 06:36:37'
'StKM 1-1379',-81.84375,59.3125,-27.96875,'Beta2-Inferred','2014-10-21 17:16:31'
'StKM 1-1676',-74.875,31.75,-5.96875,'Beta2','2014-10-21 17:16:31'
'Struve 2398',-10.625,4.75,0.09375,'Beta3-Inferred','2014-11-11 18:45:58'
'Styx',-24.3125,37.75,6.03125,'Premium Beta2','2014-10-21 17:16:31'
'Sudz',-9.875,52.4375,-29.25,'Beta3','2014-11-01 06:36:37'
'Sukub Tungatis',-40.125,65.96875,-35.5625,'Beta3','2014-11-01 06:36:37'
'Sukuruaco',69.46875,45.875,13.6875,'Beta3','2014-11-01 06:36:37'
'Supen',-95.25,61.53125,-47.71875,'Beta3','2014-11-01 06:36:37'
'Suraci',-102.53125,9.34375,-51.625,'Beta3','2014-11-01 06:36:37'
'Surya',-38.46875,39.25,5.40625,'Beta1','2014-10-21 17:16:31'
'SZ Ursae Majoris',-13.0625,21.96875,-13.875,'Beta2-Inferred','2014-10-21 17:16:31'
'T''ang Bumbain',-86.5625,29.96875,-4.0625,'Beta3','2014-11-01 06:36:37'
'Tabassapisi',-84.5,37.34375,-2.25,'Beta3','2014-11-01 06:36:37'
'Taexalkoloine',-92.125,57.21875,-27.53125,'Beta3','2014-11-01 06:36:37'
'Taima Baijuhacmoora',-12.125,56.59375,9.1875,'Beta3','2014-11-01 06:36:37'
'Taleachishvakhrud',-102.96875,57.375,-21.9375,'Beta2','2014-11-01 06:36:37'
'Taliesin',-2.9375,22.1875,-25.28125,'Beta3','2014-11-01 06:36:37'
'Talitha',-5.125,31.28125,-35.125,'Beta3','2014-11-01 06:36:37'
'Taosha',-113.9375,18.78125,-10.875,'Beta3','2014-11-01 06:36:37'
'Taran',-42.5,45.46875,-3,'Beta2-Inferred','2014-10-21 17:16:31'
'Taranis',-52.53125,18.46875,-28.6875,'Beta2-Inferred','2014-10-21 17:16:31'
'Tarasa',-159.78125,53.09375,-56.6875,'Beta3','2014-11-01 06:36:37'
'Tatil',-77.84375,23.1875,-22.59375,'Beta2','2014-10-21 17:16:31'
'Tau Bootis',0.09375,48.78125,14.625,'Beta3','2014-11-01 06:36:37'
'Tau-1 Hydrae',39.59375,30.96875,-25.84375,'Beta3','2014-11-01 06:36:37'
'Tefenhua',-61.03125,58.8125,-43.96875,'Beta3','2014-11-01 06:36:37'
'Teng Yeh',6.28125,28.4375,-12.46875,'Beta3','2014-11-01 06:36:37'
'Thaumas',-50.4375,62.71875,-6.6875,'Beta2-Inferred','2014-10-21 17:16:31'
'Theta Cygni',-57.65625,14.15625,7.1875,'Beta3','2014-11-01 06:36:37'
'Theta Draconis',-48.9375,48.09375,0.03125,'Beta2','2014-10-21 17:16:31'
'Theta Ursae Majoris',-7.59375,31.71875,-29.46875,'Beta3','2014-11-01 06:36:37'
'Thosim Biamh',-59.5625,31.65625,-23.3125,'Beta3','2014-11-01 06:36:37'
'Thoth',1.9375,41.46875,-24.8125,'Beta3','2014-11-01 06:36:37'
'Thottacahuan Wang',12.4375,30.90625,9.15625,'Beta3','2014-11-01 06:36:37'
'Thraskias',46.71875,46.625,-1.65625,'Beta3','2014-11-01 06:36:37'
'Tiapalan',26.03125,18.28125,9.15625,'Beta3','2014-11-01 06:36:37'
'Tiethay',-29.625,67.09375,-20.875,'Beta3','2014-11-01 06:36:37'
'Tilian',-21.53125,22.3125,10.125,'Beta1','2014-10-21 17:16:31'
'Tinia',6.8125,48.71875,-33.25,'Beta3','2014-11-01 06:36:37'
'Tivertsi',-106.6875,2.03125,-50.0625,'Beta3','2014-11-01 06:36:37'
'Tollan',-14.78125,20,-21.96875,'Beta2','2014-10-21 17:16:31'
'Trepin',26.375,10.5625,9.78125,'Beta3','2014-11-01 06:36:37'
'Tripu',-73.15625,9.28125,-27.8125,'Beta3','2014-11-01 06:36:37'
'Trua',-87.46875,12.9375,-38.3125,'Beta2-Inferred','2014-10-21 17:16:31'
'Tsetan',-112.75,17.71875,-34.71875,'Beta2','2014-11-01 06:36:37'
'Tsohodiae',-103.75,30.96875,-1.5625,'Beta3','2014-11-01 06:36:37'
'Tun',-47.96875,20.96875,-17.53125,'Beta2','2014-10-21 17:16:31'
'Turmakul',-79.1875,64.25,-33.875,'Beta3','2014-11-01 06:36:37'
'Tyche',25.21875,43.96875,-28.6875,'Beta3','2014-11-01 06:36:37'
'Tyr',-79.625,21.25,-25.0625,'Beta2','2014-10-21 17:16:31'
'Udegoci',-70,51.71875,-54.5,'Beta3','2014-11-01 06:36:37'
'Upsilon-1 Cephei',-87.09375,13.875,-7.15625,'Beta2-Inferred','2014-10-20 00:57:54'
'V1090 Herculis',-44.9375,36.9375,13.46875,'Beta2','2014-10-21 17:16:31'
'V2151 Cygni',-63.75,3.65625,-5.59375,'Beta3','2014-11-01 06:36:37'
'V388 Cassiopeiae',-24.3125,-0.25,-16.59375,'Beta3-Inferred','2014-11-11 19:30:30'
'V417 Hydrae',61.65625,44,-20.125,'Beta3','2014-11-01 06:36:37'
'V419 Hydrae',62.625,30.625,2.78125,'Beta3','2014-11-01 06:36:37'
'V538 Aurigae',-14.25,8.625,-36.4375,'Beta3','2014-11-01 06:36:37'
'V740 Cassiopeiae',-86.1875,7.15625,-47.78125,'Beta2','2014-10-21 17:16:31'
'V857 Centauri',30.375,11.125,9.6875,'Beta3-Inferred','2014-11-10 20:51:56'
'V886 Centauri',45.15625,12.125,26.96875,'Beta3','2014-11-01 06:36:37'
'V989 Cassiopeiae',-45.375,6.78125,-39.625,'Beta3','2014-11-01 06:36:37'
'Vega',-21.90625,8.125,9,'Beta3','2014-11-01 06:36:37'
'Veneri',35.6875,54.125,20.09375,'Beta3','2014-11-01 06:36:37'
'Verboni',-98.71875,22.5,-60.34375,'Beta2','2014-11-01 06:36:37'
'Veren''s Stop',-12.96875,21.96875,20.28125,'Beta2-Inferred','2014-11-01 15:42:55'
'Vetr',-59.0625,12.65625,1.46875,'Beta2','2014-10-21 17:16:31'
'VV Lyncis',1.90625,15.6875,-35.34375,'Beta3-Inferred','2014-11-10 17:04:20'
'VW Cephi',-79.6875,31.03125,-28,'Beta2-Inferred','2014-10-21 17:16:31'
'VZ Corvi',39.6875,50.4375,25.59375,'Beta3','2014-11-01 06:36:37'
'Wadjuk',-50.59375,49.84375,-45.8125,'Beta3','2014-11-01 06:36:37'
'Wakarendians',-134.5,35.28125,-26.21875,'Beta3','2014-11-01 06:36:37'
'Wanggu',-132.71875,30.96875,-39.59375,'Beta3','2014-11-01 06:36:37'
'Wathlanukh',-149.21875,5.25,-60.6875,'Beta3','2014-11-01 06:36:37'
'WD 1207-032',36.09375,58.65625,8.40625,'Beta3-Inferred','2014-11-09 23:38:43'
'Wei Jung',-124.71875,14.28125,-29.1875,'Beta3','2014-11-01 06:36:37'
'Wen Tsakimori',-98.3125,64.34375,-47.40625,'Beta3','2014-11-01 06:36:37'
'Widjararappan',-130.84375,41.8125,-21.78125,'Beta3','2014-11-01 06:36:37'
'Widjigarasir',-141.9375,45.75,-10.46875,'Beta3','2014-11-01 06:36:37'
'Wikmeang',-135.71875,20.8125,-43.0625,'Beta2','2014-11-01 06:36:37'
'WISE 0313+7807',-20.46875,8.3125,-17.25,'Beta3-Inferred','2014-11-11 19:20:09'
'WISE 0855-0714',6.53125,-2.15625,2.03125,'Gamma-Inferred','2014-11-23 05:13:08'
'WISE 1405+5534',-8.03125,13.4375,-1.84375,'Beta2-Inferred','2014-10-21 17:16:31'
'WISE 1506+7027',-7.375,7.09375,-2.4375,'Beta3','2014-11-01 06:36:37'
'WISE 1647+5632',-21.59375,17.71875,1.75,'Beta2','2014-10-21 17:16:31'
'WISE 1741+2553',-12.40625,7.90625,10.34375,'Beta3-Inferred','2014-11-11 23:44:04'
'Wolf 1061',-0.84375,5.46875,12.84375,'Gamma-Inferred','2014-11-23 08:01:59'
'Wolf 1080',-77.8125,12.84375,-5.78125,'Beta2-Inferred','2014-10-20 00:57:25'
'Wolf 1084',-51,7.09375,-2.1875,'Beta2-Inferred','2014-11-02 14:46:09'
'Wolf 1409',-56.125,29.8125,9.0625,'Beta2','2014-10-21 17:16:31'
'Wolf 1478',9.5,24.15625,23.875,'Beta3','2014-11-01 06:36:37'
'Wolf 1481',5.1875,13.375,13.5625,'Beta3','2014-11-01 06:36:37'
'Wolf 248',2.78125,60.3125,-0.4375,'Beta3','2014-11-01 06:36:37'
'Wolf 294',1,4.9375,-17.53125,'Beta3','2014-11-01 06:36:37'
'Wolf 359',3.875,6.46875,-1.90625,'Beta3','2014-11-01 06:36:37'
'Wolf 369',30.625,50.375,-8.875,'Beta3','2014-11-01 06:36:37'
'Wolf 393',29.65625,49.4375,-4.9375,'Beta3','2014-11-01 06:36:37'
'Wolf 417',13.6875,42.0625,4.8125,'Beta3','2014-11-01 06:36:37'
'Wolf 424',4.21875,13.28125,1.4375,'Beta3','2014-11-01 06:36:37'
'Wolf 437',7,26,4.375,'Beta3','2014-11-01 06:36:37'
'Wolf 46',-27.03125,-0.125,-18.625,'Beta3','2014-11-01 06:36:37'
'Wolf 483',-32.6875,60.8125,-13.9375,'Beta2-Inferred','2014-10-20 09:28:05'
'Wolf 485a',22.90625,46.71875,27.28125,'Beta3','2014-11-01 06:36:37'
'Wolf 497',0.125,41.46875,11.96875,'Beta2','2014-10-21 17:16:31'
'Wolf 54',-39.90625,1.1875,-27.9375,'Beta3','2014-11-01 06:36:37'
'Wolf 562',1.46875,12.84375,15.5625,'Beta3','2014-11-01 06:36:37'
'Wolf 654',-28.46875,22.40625,14.8125,'Beta2','2014-10-21 17:16:31'
'Wosyra Pao',11.53125,31.375,-13.9375,'Beta3','2014-11-01 06:36:37'
'Wu Gondru',-132.6875,23.15625,-20.125,'Beta3','2014-11-01 06:36:37'
'Wunian',-130.0625,18.375,-32.9375,'Beta3','2014-11-01 06:36:37'
'Wunjo',-65,53.3125,-22.59375,'Beta2','2014-10-21 17:16:31'
'WX Ursa Majoris',-1.40625,14.15625,-6.875,'Beta3','2014-11-01 06:36:37'
'Wyrd',-11.625,31.53125,-3.9375,'Beta1','2014-10-21 17:16:31'
'Xelabara',-93.40625,66.0625,-44.96875,'Beta3','2014-11-01 06:36:37'
'Xi Ursae Majoris',2.65625,27.09375,-9.9375,'Beta2','2014-10-21 17:16:31'
'Xi Wangkala',-135.65625,35.3125,-29.84375,'Beta2','2014-11-01 06:36:37'
'Xolotl',-21.53125,43.5,-41.65625,'Beta3','2014-11-01 06:36:37'
'Ya''Nomisiyaces',41.34375,13.28125,-9.6875,'Beta3','2014-11-01 06:36:37'
'Yakan',-140.84375,45.9375,-12.53125,'Beta3','2014-11-01 06:36:37'
'Yakawana',-103.09375,35.46875,-31.28125,'Beta3','2014-11-01 06:36:37'
'Yanyan',-40.3125,42.40625,-8.46875,'Beta3','2014-11-01 06:36:37'
'Yarigui',-72.5625,2.5625,-25.84375,'Beta3','2014-11-01 06:36:37'
'Ye''kuapemas',-70.15625,44.625,-33.65625,'Beta3','2014-11-01 06:36:37'
'Yeru Bao Hinu',-92.53125,8.40625,-33.84375,'Beta3','2014-11-01 06:36:37'
'Yin Sector IR-W C1-29',34.21875,13.84375,-11.46875,'Beta3-Inferred','2014-11-13 09:38:38'
'Yinfu',-39.9375,16.1875,-10.6875,'Beta2-Inferred','2014-10-21 17:16:31'
'Yoruba',-46,35.84375,-34.21875,'Beta2','2014-10-21 17:16:31'
'Youdu',-7.84375,33.875,-26.125,'Beta2-Inferred','2014-10-21 17:16:31'
'Yuggsanawyddis',-150.96875,67.03125,-37.8125,'Beta3','2014-11-01 06:36:37'
'Yugusitanitou',-77.09375,58.59375,-52.9375,'Beta3','2014-11-01 06:36:37'
'YZ Canis Minoris',11.125,4.6875,-15.21875,'Beta3-Inferred','2014-11-10 04:21:55'
'Zangi',42.0625,55.6875,-9.9375,'Beta3','2014-11-01 06:36:37'
'Zaraluvul',-4.875,64.21875,-0.8125,'Beta3','2014-11-01 06:36:37'
'Zenmaku',-90.46875,19.375,-62.71875,'Beta3','2014-11-01 06:36:37'
'Zeta Herculis',-21.34375,22.375,16.25,'Beta2','2014-10-21 17:16:31'
'Zombardgriti',-132.28125,31.40625,-39.625,'Beta3','2014-11-01 06:36:37'
'Zombo',-139.5625,30.375,-20.90625,'Beta3','2014-11-01 06:36:37'
'Zopiates',-145.0625,63.28125,-33.875,'Beta3','2014-11-01 06:36:37'
'Zosma',16.0625,53.875,-15.84375,'Beta3','2014-11-01 06:36:37'
